month,day,year,Station,Site,Bay,subsample,Time,Temp.C,Salinity,YSI_DO,lat.deg,lat.min,long.deg,long.min,lat,long,LONGITUDE,use.for.CPUE,notes,Cobble,Gravel,Fucus,Laminaria,Eelgrass,LT.time
7,5,2018,1,Ugak-1,Ugak,no,10:48,12,21,.,57,28.1781,153,0.1169,57.469635,153.0019483,-153.0019483,yes,"sand,fucus,bare",n,n,y,n,n,.
7,5,2018,2,Ugak-2,Ugak,no,11:53,11.9,21,.,57,27.6137,152,58.0401,57.46022833,152.967335,-152.967335,yes,bare,n,y,y,n,n,.
7,5,2018,3,Ugak-3,Ugak,no,12:55,13.2,26,.,57,27.5821,152,58.5382,57.45970167,152.9756367,-152.9756367,yes,fucus,n,y,y,n,n,.
7,5,2018,4,Ugak-4,Ugak,no,13:38,8.3,24,.,57,27.0941,152,59.9883,57.45156833,152.999805,-152.999805,yes,bare,n,n,n,n,n,.
7,5,2018,5,Ugak-5,Ugak,no,14:51,12.5,29,.,57,26.2503,153,2.4,57.437505,153.04,-153.04,yes,eelgrass,n,y,n,n,y,.
7,5,2018,6,Ugak-6,Ugak,no,16:01,11.9,31,.,57,26.7823,153,1.2925,57.44637167,153.0215417,-153.0215417,yes,eelgrass,n,n,n,n,y,.
7,7,2018,7,Kilu-1,Kiliuda,no,12:33,14.3,30,.,57,19.3015,152,54.0817,57.32169167,152.9013617,-152.9013617,yes,"eelgrass, fucus, mussels",n,y,y,n,y,.
7,7,2018,8,Kilu-2,Kiliuda,no,13:14,16.2,30,.,57,19.412,152,53.9498,57.32353333,152.8991633,-152.8991633,yes,"eelgrass, fucus, mussels",y,y,y,n,y,.
7,7,2018,9,Kilu-3,Kiliuda,no,14:24,15.9,31,.,57,19.5102,152,54.3495,57.32517,152.905825,-152.905825,yes,"eelgrass, fucus, mussels, very shallow",n,y,y,n,y,.
7,7,2018,10,Kilu-4,Kiliuda,no,15:13,16.9,30,.,57,19.6522,152,53.8421,57.32753667,152.8973683,-152.8973683,yes,eelgrass and rocks,y,n,n,n,y,.
7,7,2018,11,Kilu-5,Kiliuda,no,16:20,15,30,.,57,19.3579,152,54.6088,57.32263167,152.9101467,-152.9101467,yes,"clean eelgrass, steep beach gravel",n,y,n,n,y,.
7,7,2018,12,Kilu-6,Kiliuda,no,17:20,15,30,.,57,19.3427,152,54.8005,57.32237833,152.9133417,-152.9133417,yes,"eelgrass and gravel, more gradual slope",n,y,y,n,y,.
7,7,2018,13,Kilu-7,Kiliuda,no,18:15,15.7,32,.,57,19.3719,152,54.3183,57.322865,152.905305,-152.905305,yes,"eelgrass, fucus, mussels, very shallow",n,y,y,y,y,.
7,9,2018,14,Kai-1,Kaiugnak,no,14:19,10.5,30,.,57,3.6342,153,42.5162,57.06057,153.7086033,-153.7086033,yes,bare. Eelgrass farther offshore,n,n,n,n,y,.
7,9,2018,15,Kai-2,Kaiugnak,no,14:50,10.7,28,.,57,3.4213,153,42.2802,57.05702167,153.70467,-153.70467,yes,bare cobble and gravel. Some eelgrass but too far offshore to sample. Right in front of cabins,y,y,n,n,y,.
7,9,2018,16,Kai-3,Kaiugnak,no,16:30,10.5,29,.,57,3.2078,153,39.1837,57.05346333,153.6530617,-153.6530617,yes,"gravel, mostly bare, some laminaria",n,y,n,y,n,.
7,9,2018,17,Kai-4,Kaiugnak,no,17:26,10.4,25,.,57,4.2481,153,40.4923,57.07080167,153.6748717,-153.6748717,yes,"granite cobble and sand, some fucus but little vegetation.",y,y,y,n,n,.
7,9,2018,18,Kai-5,Kaiugnak,no,18:22,9.1,12,.,57,4.3998,153,40.2484,57.07333,153.6708067,-153.6708067,yes,bare. Gravel and sand. Very shallow river sill. Mike rowed net,n,y,n,n,n,.
7,9,2018,19,Kai-6,Kaiugnak,no,19:08,10.4,31,.,57,3.3548,153,39.0058,57.05591333,153.6500967,-153.6500967,yes,"gravel, eelgrass, laminaria. Just down beach from Kaiugnak3 near point",n,y,n,y,y,.
7,11,2018,20,Jap-1,Japanese,no,7:02,10.6,25,.,56,57.1887,153,41.085,56.953145,153.68475,-153.68475,yes,eelgrass,n,n,n,n,y,.
7,11,2018,21,Jap-2,Japanese,yes,8:36,11,24,.,56,56.8911,153,40.9376,56.948185,153.6822933,-153.6822933,yes,"laminaria, eelgrass, mussels, cobble",y,n,n,y,y,.
7,11,2018,22,Jap-3,Japanese,no,9:06,10.4,26,.,56,57.0655,153,41.0891,56.95109167,153.6848183,-153.6848183,yes,"laminaria, gravel, cobble, exposed",y,y,y,y,n,.
7,11,2018,23,Jap-4,Japanese,no,10:09,11.3,25,.,56,57.5528,153,41.3679,56.95921333,153.689465,-153.689465,yes,"bare, gravel. On point near 3 spruce trees",n,y,n,y,n,.
7,11,2018,24,Jap-5,Japanese,no,17:00,12.6,15,.,56,58.0863,153,40.9181,56.968105,153.6819683,-153.6819683,yes,"cobble, fucus, eelgrass",y,y,y,y,y,.
7,11,2018,25,Jap-6,Japanese,no,18:20,12.7,26,.,56,57.1864,153,40.7411,56.95310667,153.6790183,-153.6790183,yes,"cobble, fucus, eelgrass",y,y,y,y,y,.
7,14,2018,26,RR-1,Rodman Reach,no,7:10,10.5,32,.,56,52.9361,154,15.2704,56.88226833,154.2545067,-154.2545067,yes,"gravel, eelgrass, laminaria ",n,y,n,y,y,.
7,14,2018,27,RR-2,Rodman Reach,no,8:06,10.8,28,.,56,54.0443,154,15.1536,56.90073833,154.25256,-154.25256,yes,"mud, mussels, laminaria",n,y,n,y,n,.
7,14,2018,28,RR-3,Rodman Reach,no,9:43,10.6,29,.,56,52.7259,154,14.7404,56.878765,154.2456733,-154.2456733,yes,eelgrass,n,y,n,n,y,.
7,14,2018,29,RR-4,Rodman Reach,no,10:34,10.5,30,.,56,52.6595,154,15.5708,56.87765833,154.2595133,-154.2595133,yes,laminaria,y,y,n,y,n,.
7,14,2018,30,RR-5,Rodman Reach,no,11:52,10.8,29,.,56,52.8034,154,14.733,56.88005667,154.24555,-154.24555,yes,"bare. Mussel bed, muddy, cobble. Very shallow had to row net",y,y,n,n,n,.
7,14,2018,31,RR-6,Rodman Reach,no,12:10,10.7,30,.,56,52.8149,154,14.7777,56.88024833,154.246295,-154.246295,yes,eelgrass. Very shallow. Had to row,n,n,n,n,y,.
7,16,2018,32,AG-1,Agripina,no,9:15,10.1,30,.,57,6.2413,156,28.5963,57.10402167,156.476605,-156.476605,yes,eelgrass and cobble. Watch tide - do this station first before you lose all water,y,n,y,y,y,.
7,16,2018,33,AG-2,Agripina,no,10:27,9.2,26,.,57,6.2728,156,28.2744,57.10454667,156.47124,-156.47124,yes,cobble and laminaria,y,y,n,y,n,.
7,16,2018,34,AG-3,Agripina,no,11:30,10.6,27,.,57,6.4255,156,27.3891,57.10709167,156.456485,-156.456485,yes,laminaria and cobble,y,y,n,y,n,.
7,16,2018,35,AG-4,Agripina,no,12:20,11.8,29,.,57,6.5624,156,27.5943,57.10937333,156.459905,-156.459905,yes,"laminaria, cobble, steep",y,n,y,y,n,.
7,16,2018,36,AG-5,Agripina,no,13:28,12,30,.,57,6.2816,156,27.5019,57.10469333,156.458365,-156.458365,yes,"laminaria, cobble  ",y,n,n,y,n,.
7,16,2018,37,AG-6,Agripina,no,14:30,12.3,23,.,57,6.7894,156,28.7779,57.11315667,156.4796317,-156.4796317,yes,"eelgrass, cobble",y,y,y,y,y,.
7,17,2018,38,PW-1,Port Wrangell,yes,10:09,8.6,24,.,57,2.9479,156,36.677,57.04913167,156.6112833,-156.6112833,yes,"big cobble, brown algae, sugar kelp and laminaria",y,n,n,y,n,.
7,17,2018,39,PW-2,Port Wrangell,yes,11:25,8.7,23,.,57,2.875,156,36.7218,57.04791667,156.61203,-156.61203,yes,"cobble, brown algae, very steep",y,n,n,n,n,.
7,17,2018,40,PW-3,Port Wrangell,yes,12:40,9.5,25,.,57,2.7934,156,36.7818,57.04655667,156.61303,-156.61303,yes,"cobble, some brown algae, deep but not as steep as 39",y,n,n,n,n,.
7,17,2018,41,PW-4,Port Wrangell,no,14:26,11.2,16,.,57,3.5322,156,37.3522,57.05887,156.6225367,-156.6225367,yes,"fucus, cobble, barnacle, mussel, shallow near waterfall",y,y,y,n,y,.
7,19,2018,42,Kuj-1,Kujulik,no,11:47,9.9,30,.,56,33.7327,157,52.3268,56.56221167,157.8721133,-157.8721133,yes,"bare sand, very shallow. We walked net. Kelp detritus in net",n,n,n,n,n,.
7,19,2018,43,Kuj-2,Kujulik,no,12:32,10.2,30,.,56,33.8401,157,52.853,56.56400167,157.8808833,-157.8808833,yes,bare sand ,n,n,n,n,n,.
7,19,2018,44,Kuj-3,Kujulik,no,13:35,10.7,32,.,56,33.9465,157,53.0354,56.565775,157.8839233,-157.8839233,yes,sand/bare. Caution rocks to avoid,n,n,n,n,n,.
7,19,2018,45,Kuj-4,Kujulik,yes,15:10,11.8,32,.,56,34.1822,157,55.4338,56.56970333,157.9238967,-157.9238967,yes,"cobble, bare/small eelgrass patch. Caution rocks to avoid",y,n,n,n,y,.
7,22,2018,46,Mit-1,Mitrofania,no,6:40,9.5,32,.,55,58.6839,158,42.9122,55.978065,158.7152033,-158.7152033,yes,"fucus, cobble, laminaria, good kelp cover",y,n,y,y,y,.
7,22,2018,47,Mit-2,Mitrofania,no,8:00,9.7,31,.,55,58.8036,158,42.8279,55.98006,158.7137983,-158.7137983,yes,"eelgrass, laminaria, cobble, gravel. Good kelp habitat",y,y,n,y,y,.
7,22,2018,48,Mit-3,Mitrofania,no,14:04,10.9,31,.,55,58.7147,158,42.0547,55.97857833,158.7009117,-158.7009117,yes,"cobble, bare ",y,n,n,n,n,.
7,22,2018,49,Mit-4,Mitrofania,no,14:42,10.5,9,.,55,58.9207,158,42.7063,55.98201167,158.7117717,-158.7117717,yes,"eelgrass, gravel",n,y,n,n,y,.
7,22,2018,50,Mit-5,Mitrofania,no,15:50,10.1,31,.,55,58.9138,158,41.7892,55.98189667,158.6964867,-158.6964867,yes,"cobble, mussels, brown algae, some fucus",y,y,y,y,n,.
7,22,2018,51,Mit-6,Mitrofania,no,17:05,10.5,28,.,55,58.7316,158,42.2607,55.97886,158.704345,-158.704345,yes,"gravel, cobble, some fucus. A little eelgrass but we missed most of it.",y,y,y,n,y,.
7,24,2018,52,Fox-1,Fox,no,7:40,9.3,25,.,55,36.9748,159,39.1764,55.61624667,159.65294,-159.65294,yes,cobble and eelgrass,y,y,n,y,y,.
7,24,2018,53,Fox-2,Fox,no,9:02,9.7,21,.,55,36.6837,159,38.4853,55.611395,159.6414217,-159.6414217,yes,"cobble, fucus, brown algae, mostly bare",y,y,y,y,y,.
7,24,2018,54,Fox-3,Fox,no,9:50,10.4,26,.,55,36.5611,159,38.2427,55.60935167,159.6373783,-159.6373783,yes,"bare cobble, some brown algae",y,n,n,y,n,.
7,24,2018,55,Fox-4,Fox,no,16:20,11,23,.,55,36.5014,159,37.813,55.60835667,159.6302167,-159.6302167,yes,bare cobble,y,n,n,n,n,.
7,24,2018,56,Fox-5,Fox,no,17:06,11.1,24,.,55,36.4672,159,37.936,55.60778667,159.6322667,-159.6322667,yes,"cobble w matted algae debris. Very shallow, had to row",y,n,n,y,n,.
7,26,2018,57,Sand-1,Sand Point,no,7:37,10.5,30,.,55,21.1408,160,31.6466,55.35234667,160.5274433,-160.5274433,yes,"sand, eelgrass, very very shallow. Not sure will repeat",y,n,y,y,n,.
7,26,2018,58,Sand-2,Sand Point,no,8:45,10,31,.,55,15.2101,160,31.4459,55.25350167,160.5240983,-160.5240983,yes,"cobble, rich and diverse with kelp and algae",y,n,y,y,n,.
7,26,2018,59,Sand-3,Sand Point,no,10:13,10,31,.,55,19.221,160,31.2411,55.32035,160.520685,-160.520685,yes,"eelgrass, cobble. ",y,n,y,n,y,.
7,29,2018,60,Fal-1,Falmouth,no,8:07,9.1,31,.,55,4.0159,160,7.604,55.06693167,160.1267333,-160.1267333,yes,"cobble, thick laminaria site",y,n,n,y,n,.
7,29,2018,61,Fal-2,Falmouth,no,9:20,9.3,30,.,55,3.835,160,6.984,55.06391667,160.1164,-160.1164,yes,"black sand, witches hair, green ulva, algae salad",n,n,y,y,n,.
7,29,2018,62,Fal-3,Falmouth,no,10:35,9.1,32,.,55,4.105,160,6.747,55.06841667,160.11245,-160.11245,yes,"cobble, gravel, witches hair, ulva, green algae",y,y,n,y,n,.
7,30,2018,63,Fal-4,Falmouth,yes,8:45,9.3,30,.,55,4.161,160,6.82,55.06935,160.1136667,-160.1136667,yes,"cobble, thick brown algae, witches hair, laminaria",y,y,n,y,n,.
7,30,2018,64,Fal-5,Falmouth,no,10:21,9.5,30,.,55,4.146,160,7.796,55.0691,160.1299333,-160.1299333,yes,"sand, laminaria. Must sample right at low tide",n,n,n,y,y,.
8,1,2018,65,Bar-1,Baralof,no,10:05,9,31,.,55,13.8391,160,34.1662,55.23065167,160.5694367,-160.5694367,yes,"cobble, fucus, ulva",y,y,n,n,n,.
8,1,2018,66,Bar-2,Baralof,no,11:15,9.4,32,.,55,13.763,160,33.878,55.22938333,160.5646333,-160.5646333,yes,"cobble, eelgrass",y,n,y,n,y,.
8,1,2018,67,Bar-3,Baralof,no,12:10,9.2,32,.,55,13.755,160,33.735,55.22925,160.56225,-160.56225,yes,"cobble, eelgass, fucus, seive kelp, mixture",y,y,y,y,y,.
8,1,2018,68,Bar-4,Baralof,no,13:20,8.7,30,.,55,13.757,160,33.109,55.22928333,160.5518167,-160.5518167,yes,"eelgrass, sand",n,n,y,n,y,.
8,1,2018,69,Bar-5,Baralof,no,14:23,9.3,32,.,55,13.819,160,32.907,55.23031667,160.54845,-160.54845,yes,"cobble, eelgrass",y,n,n,n,y,.
8,1,2018,70,Bar-6,Baralof,no,15:03,9.8,30,.,55,13.68,160,33.587,55.228,160.5597833,-160.5597833,yes,"cobble, fucus, kelp mixture",y,y,y,y,y,.
8,5,2018,71,BB-1,Balboa,no,12:08,12.2,32,.,55,34.934,160,35.6277,55.58223333,160.593795,-160.593795,yes,"cobble, rocky, fucus. Very shallow. Hung. Do not repeat",y,y,y,y,y,.
8,5,2018,72,BB-2,Balboa,no,12:40,12,32,.,55,34.6868,160,35.7342,55.57811333,160.59557,-160.59557,yes,"sand, cobble, some eelgrass, ulva, fucus. Mostly bare",y,y,y,y,y,.
8,5,2018,73,BB-3,Balboa,no,13:31,10.7,32,.,55,34.6528,160,35.8885,55.57754667,160.5981417,-160.5981417,yes,"bare, steep, gravel, a little fucus",n,y,y,y,n,.
8,5,2018,74,BB-4,Balboa,no,14:13,12.5,29,.,55,34.6547,160,36.9087,55.57757833,160.615145,-160.615145,yes,"large cobble, laminaria, good kelp coverage",y,n,y,y,n,.
8,5,2018,75,BB-5,Balboa,no,15:09,12,33,.,55,34.788,160,36.7116,55.5798,160.61186,-160.61186,yes,"cobble, fucus, hung twice on rocks, do not repeat.",y,y,y,n,y,.
8,5,2018,76,BB-6,Balboa,no,15:40,13.5,31,.,55,34.9997,160,36.7816,55.58332833,160.6130267,-160.6130267,yes,"eelgrass, fucus, cobble, had to lifet net over one big boulder. Otherwise good",y,y,y,n,y,.
8,7,2018,77,Fox-4,Fox,no,7:41,12.5,26,.,55,36.5046,159,37.8171,55.60841,159.630285,-159.630285,yes,"gravel, bare cobble, waves on beach/high disturbance",y,y,n,n,n,.
8,7,2018,78,Fox-5,Fox,no,8:24,12.9,25,.,55,36.4959,159,37.9706,55.608265,159.6328433,-159.6328433,yes,"cobble w matted algae debris. Very shallow, had to row",y,n,n,y,n,.
8,7,2018,79,Fox-1,Fox,no,15:31,14.3,32,.,55,36.9856,159,39.1966,55.61642667,159.6532767,-159.6532767,yes,cobble and some eelgrass,y,y,n,y,y,.
8,7,2018,80,Fox-2,Fox,no,16:17,13.9,32,.,55,36.7051,159,38.5248,55.61175167,159.64208,-159.64208,yes,"cobble, mostly bare",y,y,n,n,y,.
8,7,2018,81,Fox-3,Fox,no,16:57,14.5,31,.,55,36.5518,159,38.2345,55.60919667,159.6372417,-159.6372417,yes,"bare cobble, some brown algae",y,n,n,y,n,.
8,7,2018,82,Mit-1,Mitrofania,no,7:23,10.5,29,.,55,58.6875,158,42.9171,55.978125,158.715285,-158.715285,yes,"fucus, cobble, laminaria, good kelp cover",y,n,y,y,n,.
8,9,2018,83,Mit-2,Mitrofania,no,8:20,11.6,31,.,55,58.7954,158,42.8349,55.97992333,158.713915,-158.713915,yes,"eelgrass, laminaria, cobble, gravel. Good kelp habitat",y,y,n,y,y,.
8,9,2018,84,Mit-3,Mitrofania,no,8:55,11.6,31,.,55,58.7228,158,42.6429,55.97871333,158.710715,-158.710715,yes,"cobble, bare ",y,n,n,n,n,.
8,9,2018,85,Mit-6,Mitrofania,no,10:03,12.5,31,.,55,58.7291,158,42.249,55.97881833,158.70415,-158.70415,yes,"gravel, eelgrass and laminaria",n,y,n,y,y,.
8,9,2018,86,Mit-4,Mitrofania,no,10:57,12.4,30,.,55,58.9183,158,42.7041,55.98197167,158.711735,-158.711735,yes,"eelgrass, gravel",n,y,n,n,y,.
8,9,2018,87,Mit-5,Mitrofania,no,11:31,13.2,29,.,55,58.9168,158,41.7852,55.98194667,158.69642,-158.69642,yes,"cobble, mussels, brown algae, some fucus",y,y,y,n,n,.
8,14,2018,88,PW-3,Port Wrangell,no,9:25,7.9,33,.,57,2.8117,156,36.7749,57.04686167,156.612915,-156.612915,yes,"cobble, some brown algae",y,n,n,y,n,.
8,14,2018,89,PW-2,Port Wrangell,no,9:55,8,31,.,57,2.8759,156,36.7183,57.04793167,156.6119717,-156.6119717,yes,"cobble, brown algae, very steep, laminaria",y,n,n,y,n,.
8,14,2018,90,PW-1,Port Wrangell,no,10:55,7.5,24,.,57,2.941,156,36.6656,57.04901667,156.6110933,-156.6110933,yes,"big cobble, brown algae, sugar kelp and laminaria",y,n,n,y,n,.
8,14,2018,91,PW-4,Port Wrangell,yes,11:40,9.1,22,.,57,3.5335,156,37.3324,57.05889167,156.6222067,-156.6222067,yes,"eelgrass,fucus, cobble, barnacle, mussel, shallow near waterfall",y,y,y,n,y,.
8,15,2018,92,AG-1,Agripina,no,9:35,.,5,.,57,6.2473,156,28.5979,57.10412167,156.4766317,-156.4766317,yes,eelgrass and cobble  ,y,n,y,y,y,.
8,15,2018,93,AG-2,Agripina,no,10:45,9.1,7,.,57,6.2758,156,28.3005,57.10459667,156.471675,-156.471675,yes,cobble and laminaria,y,y,n,y,n,.
8,15,2018,94,AG-4,Agripina,no,11:20,8.4,6,.,57,6.556,156,27.6133,57.10926667,156.4602217,-156.4602217,yes,"laminaria, cobble, steep",y,n,y,y,n,.
8,15,2018,95,AG-3,Agripina,no,12:10,9.4,25,.,57,6.4243,156,27.3861,57.10707167,156.456435,-156.456435,yes,laminaria,n,y,n,y,n,.
8,15,2018,96,AG-5,Agripina,yes,13:15,9.4,23,.,57,6.2908,156,27.5162,57.10484667,156.4586033,-156.4586033,yes,"laminaria, cobble  ",y,n,n,y,n,.
8,15,2018,97,AG-6,Agripina,no,14:25,9.3,30,.,57,6.7852,156,28.7767,57.11308667,156.4796117,-156.4796117,yes,"eelgrass, cobble",y,y,y,y,y,.
8,17,2018,98,RR-1,Rodman Reach,no,11:30,11.8,30,.,56,52.9371,154,15.2711,56.882285,154.2545183,-154.2545183,yes,,n,y,n,y,y,.
8,17,2018,99,RR-4,Rodman Reach,no,12:20,12.4,31,.,56,52.6591,154,15.5981,56.87765167,154.2599683,-154.2599683,yes,"eelgrass, cobble",y,y,n,y,y,.
8,17,2018,100,RR-5,Rodman Reach,no,15:20,12.4,32,.,56,52.8137,154,14.6743,56.88022833,154.2445717,-154.2445717,yes,,n,y,n,n,n,.
8,20,2018,101,RR-6,Rodman Reach,no,17:10,12.4,31,.,56,52.816,154,14.7786,56.88026667,154.24631,-154.24631,yes,"very deep, on ledge. Eelgrass sampled",n,n,n,n,y,.
8,20,2018,102,RR-2,Rodman Reach,no,17:50,12.4,31,.,56,54.0518,154,15.1292,56.90086333,154.2521533,-154.2521533,yes,,n,y,n,y,n,.
8,22,2018,103,Jap-5,Japanese,no,14:58,12,25,.,56,58.0742,153,40.918,56.96790333,153.6819667,-153.6819667,yes,cobble and fucus,y,y,y,y,y,.
8,22,2018,104,Jap-4,Japanese,no,15:49,11.5,32,.,56,57.5448,153,41.385,56.95908,153.68975,-153.68975,yes,"eelgrass, fucus, cobble ",y,y,y,y,y,.
8,22,2018,105,Jap-1,Japanese,no,16:18,12,29,.,56,57.1812,153,41.1149,56.95302,153.6852483,-153.6852483,yes,"eelgrass, fucus",n,n,y,n,y,.
8,22,2018,106,Jap-6,Japanese,yes,17:09,11.7,25,.,56,57.1912,153,40.732,56.95318667,153.6788667,-153.6788667,yes,,y,y,y,y,y,.
8,22,2018,107,Jap-2,Japanese,no,17:58,11.7,26,.,56,56.8927,153,40.9209,56.94821167,153.682015,-153.682015,yes,,n,n,n,n,y,.
8,22,2018,108,Jap-3,Japanese,no,18:20,11.4,30,.,56,57.072,153,41.093,56.9512,153.6848833,-153.6848833,yes,"bare, laminaria",y,y,y,y,n,.
8,22,2018,109,Jap-7,Japanese,no,19:01,11.5,25,.,56,56.7402,153,41.0391,56.94567,153.683985,-153.683985,yes,eelgrass,n,n,n,n,y,.
8,24,2018,110,Kai-1,Kaiugnak,no,7:49,9.8,30,.,57,3.6378,153,42.3338,57.06063,153.7055633,-153.7055633,yes,"gravel, bare, some laminaria.",n,y,n,y,n,.
8,24,2018,111,Kai-2,Kaiugnak,no,9:19,10,33,.,57,3.4331,153,42.1919,57.05721833,153.7031983,-153.7031983,yes,"cobble, gravel, laminaria and ulva",y,y,n,y,n,.
8,24,2018,112,Kai-3,Kaiugnak,no,10:20,10,31,.,57,3.2095,153,39.1843,57.05349167,153.6530717,-153.6530717,yes,"gravel, mostly bare, some laminaria",n,y,n,y,n,.
8,24,2018,113,Kai-6,Kaiugnak,no,11:00,10.1,30,.,57,3.3581,153,39.0077,57.05596833,153.6501283,-153.6501283,yes,gravel and laminaria,n,y,n,y,n,.
8,24,2018,114,Kai-4,Kaiugnak,no,16:50,9.9,34,.,57,4.249,153,40.4968,57.07081667,153.6749467,-153.6749467,yes,"granite cobble and sand, some fucus but little vegetation.",y,y,y,n,n,.
8,24,2018,115,Kai-5,Kaiugnak,no,17:26,10,24,.,57,4.3982,153,40.2514,57.07330333,153.6708567,-153.6708567,yes,bare. have to row. Very shallow. Strong current. Caught lots of sand. May not repeat,n,n,n,n,n,.
8,24,2018,116,Kai-7,Kaiugnak,no,18:15,10.6,32,.,57,3.4388,153,38.1044,57.05731333,153.6350733,-153.6350733,yes,"eelgrass, sand and gravel",n,y,n,n,y,.
8,26,2018,117,Kilu-3,Kiliuda,no,8:35,12,33,.,57,19.5095,152,54.3432,57.32515833,152.90572,-152.90572,no,eelgrass. Net rolled so not useful for CPUE,n,n,n,n,y,.
8,26,2018,118,Kilu-5,Kiliuda,no,11:11,10.3,34,.,57,19.3429,152,54.6313,57.32238167,152.9105217,-152.9105217,yes,eelgrass,n,y,n,n,y,.
8,26,2018,119,Kilu-1,Kiliuda,no,17:44,11.6,34,.,57,19.2814,152,54.0744,57.32135667,152.90124,-152.90124,yes,"eelgrass, cobble, fucus",y,n,y,n,y,.
8,26,2018,120,Kilu-4,Kiliuda,no,19:02,11.8,31,.,57,19.6545,152,53.8451,57.327575,152.8974183,-152.8974183,yes,,y,n,n,n,y,.
8,26,2018,121,Kilu-8,Kiliuda,no,19:53,12.2,33,.,57,19.474,152,54.3677,57.32456667,152.9061283,-152.9061283,yes,"eelgrass, fucus, steep . Near Kilu-3",n,n,y,n,y,.
8,26,2018,122,Kilu-9,Kiliuda,no,20:31,10.9,33,.,57,19.5239,152,53.93,57.32539833,152.8988333,-152.8988333,yes,bare,n,n,n,n,n,.
8,28,2018,123,Ugak-5,Ugak,no,7:26,9.3,16,.,57,26.2538,153,2.394,57.43756333,153.0399,-153.0399,yes,eelgrass,n,n,n,n,y,.
8,28,2018,124,Ugak-6,Ugak,no,8:01,8.7,29,.,57,26.7737,153,1.2969,57.44622833,153.021615,-153.021615,yes,eelgrass,n,n,n,n,y,.
8,28,2018,125,Ugak-3,Ugak,no,9:00,9.8,25,.,57,27.5863,152,58.5481,57.45977167,152.9758017,-152.9758017,yes,"fucus, mussels",n,y,y,n,n,.
8,28,2018,126,Ugak-2,Ugak,no,9:23,8.4,9,.,57,27.6112,152,58.0558,57.46018667,152.9675967,-152.9675967,yes,"sea urchins, sea cucumber. Steep beach",n,y,y,n,n,.
8,28,2018,127,Ugak-1,Ugak,no,10:25,11.8,25,.,57,28.2099,153,0.081,57.470165,153.00135,-153.00135,yes,"eelgrass, mussels, shallow",n,n,n,n,y,.
8,28,2018,128,Ugak-7,Ugak,no,11:03,11.2,20,.,57,28.3414,152,59.4263,57.47235667,152.9904383,-152.9904383,yes,big eelgrass bed,n,n,n,n,y,.
8,28,2018,129,Ugak-4,Ugak,no,12:18,12.4,28,.,57,27.096,152,59.9846,57.4516,152.9997433,-152.9997433,yes,"cobble, fucus, laminaria",y,n,y,y,n,.
8,28,2018,130,Ugak-8,Ugak,no,12:48,11.7,31,.,57,26.7858,153,0.3285,57.44643,153.005475,-153.005475,yes,"bare, cobble, fucus",y,n,y,n,n,.
7,7,2019,131,AG-1,Agripina,no,10:13,11.5,31.6,.,57,6.2442,156,28.5985,57.10407,156.4766417,-156.4766417,yes,"shallow, intertial",y,n,y,y,y,12:50
7,7,2019,132,AG-2,Agripina,no,11:05,12.6,28.6,.,57,6.2757,156,28.2931,57.104595,156.4715517,-156.4715517,yes,,y,y,n,y,n,12:50
7,7,2019,133,AG-5,Agripina,no,11:50,12.3,28.2,.,57,6.2984,156,27.4869,57.10497333,156.458115,-156.458115,yes,"sand, very steep",y,n,n,y,n,12:50
7,7,2019,134,AG-3,Agripina,no,12:25,12.1,29.1,.,57,6.4244,156,27.3844,57.10707333,156.4564067,-156.4564067,yes,steep,n,y,n,y,n,12:50
7,7,2019,135,AG-4,Agripina,no,13:24,11.8,29.6,.,57,6.5548,156,27.6045,57.10924667,156.460075,-156.460075,yes,steep,y,n,y,y,n,12:50
7,7,2019,136,AG-6,Agripina,no,14:10,17.7,11.6,.,57,6.7928,156,28.754,57.11321333,156.4792333,-156.4792333,yes,very shallow.set by walking,y,n,y,y,n,12:50
7,9,2019,137,PW-3,Port Wrangell,no,12:55,11,30.5,.,57,2.794,156,36.7911,57.04656667,156.613185,-156.613185,yes,deep,y,n,n,n,n,14:40
7,9,2019,138,PW-2,Port Wrangell,no,13:15,12.4,26.3,.,57,2.8779,156,36.722,57.047965,156.6120333,-156.6120333,yes,deep,y,n,n,y,n,14:40
7,9,2019,139,PW-1,Port Wrangell,no,13:50,12.6,28,.,57,2.9549,156,36.6918,57.04924833,156.61153,-156.61153,yes,,y,n,y,y,n,14:40
7,9,2019,140,PW-4,Port Wrangell,no,14:10,15.1,25.6,.,57,3.5432,156,37.3464,57.05905333,156.62244,-156.62244,yes,,n,y,y,n,n,14:40
7,12,2019,141,Mit-1,Mitrofania,no,15:25,11.1,31.4,.,55,58.6817,158,42.9042,55.97802833,158.71507,-158.71507,yes,,y,y,n,y,n,17:30
7,12,2019,142,Mit-2,Mitrofania,no,15:50,12.4,30.8,.,55,58.8073,158,42.8016,55.98012167,158.71336,-158.71336,yes,,y,y,n,y,n,17:30
7,12,2019,143,Mit-3,Mitrofania,no,16:24,13.2,30.5,.,55,58.7136,158,42.6657,55.97856,158.711095,-158.711095,yes,,y,y,y,n,y,17:30
7,12,2019,144,Mit-5,Mitrofania,no,18:15,13.8,30.1,.,55,58.908,158,41.7903,55.9818,158.696505,-158.696505,yes,,y,y,y,n,y,17:30
7,12,2019,145,Mit-6,Mitrofania,no,18:56,13.8,30.3,.,55,58.727,158,42.2566,55.97878333,158.7042767,-158.7042767,yes,,y,y,y,y,y,17:30
7,12,2019,146,Mit-4,Mitrofania,no,19:22,14.3,29.5,.,55,58.9148,158,42.7096,55.98191333,158.7118267,-158.7118267,yes,second try. Rolled net at 17:30 when tide at low.,y,y,y,n,y,17:30
7,14,2019,147,Fox-5,Fox,no,6:40,15.5,29.8,.,55,36.5151,159,37.9974,55.608585,159.63329,-159.63329,yes,had to walk net. Very shallow,y,y,y,y,y,8:02
7,14,2019,148,Fox-1,Fox,no,8:05,12.8,36.2,.,55,36.97,159,39.18,55.61616667,159.653,-159.653,yes,second try because rolled net in eelgrass first set,y,y,n,y,y,8:02
7,14,2019,149,Fox-2,Fox,no,8:25,12.9,31.2,.,55,36.6835,159,38.4855,55.61139167,159.641425,-159.641425,yes,sugar kelp,y,n,y,y,n,8:02
7,14,2019,150,Fox-3,Fox,no,9:06,12.8,31.1,.,55,36.5633,159,38.2381,55.60938833,159.6373017,-159.6373017,yes,,y,n,y,y,n,8:02
7,14,2019,151,Fox-4,Fox,no,9:42,12.1,25.2,.,55,36.509,159,37.8137,55.60848333,159.6302283,-159.6302283,yes,had to walk net. Very shallow,y,y,y,y,n,8:02
7,17,2019,152,BB-2,Balboa,no,8:30,13.3,24.1,.,55,34.6804,160,35.7521,55.57800667,160.5958683,-160.5958683,yes,so much Ulva!,n,y,y,n,y,10:04
7,17,2019,153,BB-3,Balboa,no,9:16,13.6,28.3,.,55,34.6552,160,35.9201,55.57758667,160.5986683,-160.5986683,yes,,y,y,n,y,n,10:04
7,17,2019,154,BB-4,Balboa,no,9:36,13.6,30.5,.,55,34.6481,160,36.902,55.57746833,160.6150333,-160.6150333,yes,,y,n,y,y,n,10:04
7,17,2019,155,BB-7,Balboa,no,10:29,13.9,27.8,.,55,35.0851,160,36.8709,55.58475167,160.614515,-160.614515,yes,Added because skipping BB-5 as per last year notes,y,n,y,y,y,10:04
7,17,2019,156,BB-6,Balboa,no,11:33,14.2,27.5,.,55,35.0094,160,36.758,55.58349,160.6126333,-160.6126333,yes,shallow. Walked net. Tons eelgrass. Net rolled but still good tow,y,n,n,n,y,10:04
7,17,2019,157,BB-1,Balboa,no,12:10,14.3,23.6,.,55,34.9508,160,35.6772,55.58251333,160.59462,-160.59462,yes,shallow. Walked net. Many rocks. Hung 5 times,n,n,y,n,y,10:04
7,21,2019,158,Sand-2,Sand Point,no,11:16,11.8,31.5,.,55,19.2086,160,31.4458,55.32014333,160.5240967,-160.5240967,yes,,y,n,y,y,n,12:11
7,21,2019,159,Sand-3,Sand Point,no,11:44,12.3,31.6,.,55,19.2217,160,31.2129,55.32036167,160.520215,-160.520215,yes,sand patches,y,n,y,n,y,12:11
7,23,2019,160,Fal-1,Falmouth,no,11:10,11.5,31.6,.,55,4.0078,160,7.5932,55.06679667,160.1265533,-160.1265533,yes, sand,y,n,n,y,n,13:14
7,23,2019,161,Fal-2,Falmouth,no,11:47,11.1,31.7,.,55,3.8163,160,7.0194,55.063605,160.11699,-160.11699,yes,ulva and sand,n,y,n,n,n,13:14
7,23,2019,162,Fal-3,Falmouth,no,12:25,10.8,31.7,.,55,4.1162,160,6.7568,55.06860333,160.1126133,-160.1126133,yes,steeper site. Deep,y,y,n,y,n,13:14
7,23,2019,163,Fal-4,Falmouth,no,13:25,10.7,31.8,.,55,4.1683,160,6.8257,55.06947167,160.1137617,-160.1137617,yes,sand,y,y,n,n,n,13:14
7,23,2019,164,Fal-5,Falmouth,no,13:50,11.9,31.6,.,55,4.134,160,7.7844,55.0689,160.12974,-160.12974,yes,sand,y,y,n,y,n,13:14
7,25,2019,165,Bar-1,Baralof,no,12:40,12.2,31.4,.,55,13.8622,160,34.1298,55.23103667,160.56883,-160.56883,yes,by river mouth,n,y,n,n,n,14:19
7,25,2019,166,Bar-3,Baralof,no,13:27,11.5,31.5,.,55,13.7384,160,33.7209,55.22897333,160.562015,-160.562015,yes,,n,y,y,n,n,14:19
7,25,2019,167,Bar-2,Baralof,no,13:55,11.8,31.5,.,55,13.7617,160,33.8666,55.22936167,160.5644433,-160.5644433,yes,,y,n,y,n,y,14:19
7,25,2019,168,Bar-6,Baralof,no,14:41,11.7,31.5,.,55,13.6821,160,33.5825,55.228035,160.5597083,-160.5597083,yes,,y,y,y,n,y,14:19
7,25,2019,169,Bar-4,Baralof,no,15:20,12.1,31.3,.,55,13.7569,160,33.0928,55.22928167,160.5515467,-160.5515467,yes,,y,n,y,n,y,14:19
7,25,2019,170,Bar-5,Baralof,no,15:55,12.1,31.4,.,55,13.8183,160,32.8946,55.230305,160.5482433,-160.5482433,yes,,y,n,n,n,y,14:19
7,31,2019,171,RR-3,Rodman Reach,no,7:33,13.4,31.9,.,56,52.7137,154,14.7583,56.87856167,154.2459717,-154.2459717,yes,"shallow, net wanted to roll. Mike unrolled while in ocean",n,y,n,n,y,8:20
7,31,2019,172,RR-5,Rodman Reach,no,8:14,14.1,31.9,.,56,52.7932,154,14.7266,56.87988667,154.2454433,-154.2454433,yes,muddy. Eelgrass adjacent,n,y,n,n,n,8:20
7,31,2019,173,RR-6,Rodman Reach,no,8:46,13.7,31.8,.,56,52.7988,154,14.787,56.87998,154.24645,-154.24645,yes,muddy. Must sample on minus tide,n,n,n,n,y,8:20
7,31,2019,174,RR-4,Rodman Reach,no,9:34,14.9,32.1,.,56,52.6923,154,15.5291,56.878205,154.2588183,-154.2588183,yes,laminaria caught on leadline and we may have lost fish,n,y,n,y,n,8:20
7,31,2019,175,RR-1,Rodman Reach,no,10:01,13.9,32,.,56,52.9314,154,15.2529,56.88219,154.254215,-154.254215,yes,,n,y,n,y,y,8:20
7,31,2019,176,RR-2,Rodman Reach,no,10:44,13.3,31.7,.,56,54.044,154,15.1487,56.90073333,154.2524783,-154.2524783,yes,begain at end of cinder block wall and go toward piling post,n,y,n,y,n,8:20
8,6,2019,177,Jap-7,Japanese,no,10:17,12,31.6,.,56,56.7612,153,41.0298,56.94602,153.68383,-153.68383,yes,jellyfish,n,y,n,n,y,12:22
8,6,2019,178,Jap-2,Japanese,no,10:47,12.1,31.7,.,56,56.8945,153,40.9275,56.94824167,153.682125,-153.682125,yes,jellyfish,n,y,y,n,y,12:22
8,6,2019,179,Jap-3,Japanese,no,11:25,12.2,31.6,.,56,57.0648,153,41.0982,56.95108,153.68497,-153.68497,yes,jellyfish,y,y,y,y,n,12:22
8,6,2019,180,Jap-1,Japanese,no,12:08,13,31.6,.,56,57.1896,153,41.1075,56.95316,153.685125,-153.685125,yes,jellyfish,n,y,y,n,y,12:22
8,6,2019,181,Jap-6,Japanese,no,13:00,12.8,31.6,.,56,57.1882,153,40.7432,56.95313667,153.6790533,-153.6790533,yes,many small pycnopodia,n,y,y,y,y,12:22
8,6,2019,182,Jap-5,Japanese,no,13:54,13.8,30.9,.,56,58.0849,153,40.9284,56.96808167,153.68214,-153.68214,yes,many small pycnopodia,n,y,y,y,y,12:22
8,6,2019,183,Jap-4,Japanese,no,14:12,12.2,31.9,.,56,57.5502,153,41.3731,56.95917,153.6895517,-153.6895517,yes,many small pycnopodia and leather stars,n,y,n,y,n,12:22
8,7,2019,184,Kai-1,Kaiugnak,no,13:52,10.4,32.3,.,57,3.7601,153,42.3605,57.06266833,153.7060083,-153.7060083,yes,YSI used on 8/8. Ulva present. Many jellyfish,n,y,n,y,n,13:11
8,7,2019,185,Kai-2,Kaiugnak,no,14:34,10.7,32.5,.,57,3.4283,153,42.1919,57.05713833,153.7031983,-153.7031983,yes,YSI used on 8/8. Ulva present. Many jellyfish,y,y,n,n,n,13:11
8,7,2019,186,Kai-3,Kaiugnak,no,15:20,11.9,32,.,57,3.2081,153,39.1697,57.05346833,153.6528283,-153.6528283,yes,YSI used on 8/8 . Jellyfish,n,y,n,n,y,13:11
8,8,2019,187,Kai-6,Kaiugnak,no,13:30,11.9,31.9,.,57,3.3533,153,39.0122,57.05588833,153.6502033,-153.6502033,yes,many jellyfish,n,n,y,n,y,14:07
8,8,2019,188,Kai-7,Kaiugnak,no,14:00,12.4,32.2,.,57,3.4305,153,38.0965,57.057175,153.6349417,-153.6349417,yes,black sand. Many jellyfish,n,y,n,n,y,14:07
8,8,2019,189,Kai-4,Kaiugnak,no,14:43,10.9,32.2,.,57,4.2495,153,40.4893,57.070825,153.6748217,-153.6748217,yes,white sand. Many jellyfish,y,n,n,n,y,14:07
8,10,2019,190,Kilu-1,Kiliuda,no,15:00,15.7,31.9,.,57,19.2838,152,54.0958,57.32139667,152.9015967,-152.9015967,yes,many jellyfish,n,y,n,n,y,16:40
8,10,2019,191,Kilu-2,Kiliuda,no,15:45,16.5,31.8,.,57,19.4088,152,53.9501,57.32348,152.8991683,-152.8991683,yes,many jellyfish,y,y,y,n,y,16:40
8,10,2019,192,Kilu-4,Kiliuda,no,16:24,16.8,31.8,.,57,19.6495,152,53.852,57.32749167,152.8975333,-152.8975333,yes,many jellyfish,y,y,y,n,y,16:40
8,10,2019,193,Kilu-5,Kiliuda,no,16:54,13.9,31.8,.,57,19.348,152,54.6075,57.32246667,152.910125,-152.910125,yes,many jellyfish,n,y,n,n,y,16:40
8,10,2019,194,Kilu-6,Kiliuda,no,17:46,14.1,31.7,.,57,19.331,152,54.7923,57.32218333,152.913205,-152.913205,yes,many jellyfish,n,y,y,n,y,16:40
8,10,2019,195,Kilu-3,Kiliuda,no,18:23,15.4,32,.,57,19.5073,152,54.3614,57.32512167,152.9060233,-152.9060233,yes,many jellyfish,n,y,y,n,y,16:40
8,14,2019,196,Ugak-7,Ugak,no,6:58,19.5,29.4,.,57,28.34,152,59.4503,57.47233333,152.9908383,-152.9908383,yes,Ugak-1 was too shallow to seine(<1 foot),y,y,y,n,y,8:12
8,14,2019,197,Ugak-2,Ugak,no,7:30,19.1,29.1,.,57,27.6211,152,58.0427,57.46035167,152.9673783,-152.9673783,yes,"bare and steep. Echinoderms-cucumber, stars, urchins",n,y,y,n,n,8:12
8,14,2019,198,Ugak-3,Ugak,no,7:58,18.6,28.4,.,57,27.585,152,58.5618,57.45975,152.97603,-152.97603,yes,bare. Some evasterias. 1 sea cucumber,n,y,y,n,n,8:12
8,14,2019,199,Ugak-4,Ugak,no,8:30,18.1,28,.,57,27.1032,152,59.9732,57.45172,152.9995533,-152.9995533,yes,no jellys. About 5 small evasterias,y,n,y,y,n,8:12
8,14,2019,200,Ugak-8,Ugak,no,8:59,18.9,27.9,.,57,26.8129,153,0.3143,57.44688167,153.0052383,-153.0052383,yes,mostly bare.,y,y,y,y,n,8:12
8,14,2019,201,Ugak-5,Ugak,no,9:39,19.7,28.8,.,57,26.2487,153,2.4005,57.43747833,153.0400083,-153.0400083,yes,mussel bed,y,n,y,n,y,8:12
8,14,2019,202,Ugak-6,Ugak,no,10:05,19.3,28.5,.,57,26.7683,153,1.3019,57.44613833,153.0216983,-153.0216983,yes,a few clear jellys,n,y,y,n,y,8:12
7,2,2020,203,Laminaria North,Cook,no,6:16,10.8,31.8,.,57,46.6990,152,15.0350,57.77831667,152.2505833,-152.2505833,yes,thick layer matted algae on rocks,n,y,n,y,y,6:45
7,2,2020,204,Eelgrass West,Cook,yes,6:54,10.6,31.9,.,57,46.7650,152,16.6119,57.7794,152.2769,-152.276865,yes,hundreds of pteropods,y,y,n,y,n,6:45
7,2,2020,205,Laminaria East,Cook,yes,7:46,10.3,31.9,.,57,43.4360,152,15.5399,57.7239,152.2590,-152.2589983,yes,,n,y,y,y,y,6:45
7,2,2020,206,Eelgrass South,Cook,yes,8:30,10.3,32,.,57,46.1169,152,16.4305,57.7686,152.2738,-152.2738417,yes,,y,y,n,y,n,6:45
7,6,2020,207,AG-1,Agripina,no,7:31,12.3,13.4,.,57,6.2428,156,28.5995,57.10404667,156.4766583,-156.4766583,yes,,y,n,y,n,y,10:20
7,6,2020,208,AG-2,Agripina,yes,8:32,12.1,26.3,.,57,6.2726,156,28.2811,57.10454333,156.4713517,-156.4713517,yes,,n,y,n,y,y,10:20
7,6,2020,209,AG-5,Agripina,yes,9:35,12,28.5,.,57,6.2953,156,27.5095,57.10492167,156.4584917,-156.4584917,yes,"white sand, sea urchins, desdemaria seaweed",n,y,y,y,y,10:20
7,6,2020,210,AG-3,Agripina,yes,10:41,12.3,26.4,.,57,6.4392,156,27.3723,57.10732,156.456205,-156.456205,yes,,n,y,y,n,y,10:20
7,6,2020,211,AG-4,Agripina,no,11:31,12.1,25,.,57,6.5546,156,27.6141,57.10924333,156.460235,-156.460235,yes,very steep,n,y,n,n,y,10:20
7,6,2020,212,AG-6,Agripina,no,12:17,13.9,23.8,.,57,6.7984,156,28.7641,57.11330667,156.4794017,-156.4794017,yes,very small patch eelgrass,y,y,y,y,y,10:20
7,8,2020,213,PW-1,Port Wrangell,yes,9:32,8.6,30.9,.,57,2.9523,156,36.6834,57.049205,156.61139,-156.61139,yes,2 bears!,n,y,n,n,y,11:37
7,8,2020,214,PW-2,Port Wrangell,yes,10:25,8.8,31.1,.,57,2.8812,156,36.7152,57.04802,156.61192,-156.61192,yes,steep. Thick laminaria and sugar kelp,n,y,n,n,y,11:37
7,8,2020,215,PW-3,Port Wrangell,yes,11:05,9,30.1,.,57,2.7976,156,36.7779,57.04662667,156.612965,-156.612965,yes,deep but not as steep as PW-2. thick lam and sugar kelp. Sea urchins,n,y,n,n,y,11:37
7,8,2020,216,PW-4,Port Wrangell,yes,11:53,9.2,31.1,.,57,3.5192,156,37.3403,57.05865333,156.6223383,-156.6223383,yes,matted algae and witches hair. Little dungie crabs,n,y,n,y,y,11:37
7,12,2020,217,Mit-1,Mitrofania,yes,11:30,12.3,30.9,.,55,58.6820,158,42.9076,55.97803333,158.7151267,-158.7151267,yes,,y,y,n,y,y,14:14
7,12,2020,218,Mit-2,Mitrofania,no,12:10,12.7,30.6,.,55,58.8067,158,42.8025,55.98011167,158.713375,-158.713375,yes,,y,y,n,y,y,14:14
7,12,2020,219,Mit-3,Mitrofania,yes,12:51,12.5,31.1,.,55,58.7221,158,42.6339,55.97870167,158.710565,-158.710565,yes,large octopus in net,y,y,n,n,y,14:14
7,12,2020,220,Mit-4,Mitrofania,no,14:01,13,28.2,.,55,58.9156,158,42.7015,55.98192667,158.7116917,-158.7116917,yes,huge eelgrass bed,y,n,n,n,y,14:14
7,12,2020,221,Mit-5,Mitrofania,no,14:53,14.8,30.5,.,55,58.9107,158,41.7936,55.981845,158.69656,-158.69656,yes,"shallow, had to row net. Mats of brown algae",n,n,y,y,y,14:14
7,12,2020,222,Mit-6,Mitrofania,no,15:51,13.4,31.2,.,55,58.7370,158,42.2697,55.97895,158.704495,-158.704495,yes,only small patch eelgrass,y,y,y,y,n,14:14
7,14,2020,223,Fox-1,Fox,no,13:40,12.4,31.1,.,55,36.9929,159,39.2023,55.61654833,159.6533717,-159.6533717,yes,between white boulder and overhang cliff,y,n,y,n,y,15:46
7,14,2020,224,Fox-2,Fox,no,14:23,13.5,31.1,.,55,36.6773,159,38.4853,55.61128833,159.6414217,-159.6414217,yes,,n,y,y,n,y,15:46
7,14,2020,225,Fox-3,Fox,no,14:48,13.1,31.1,.,55,36.5604,159,38.2572,55.60934,159.63762,-159.63762,yes,,n,y,y,y,y,15:46
7,14,2020,226,Fox-4,Fox,no,15:18,12.2,31.3,.,55,36.5014,159,37.8163,55.60835667,159.6302717,-159.6302717,yes,fucus and ulva,n,n,y,y,n,15:46
7,14,2020,227,Fox-5,Fox,no,15:58,13.1,31.2,.,55,36.4943,159,37.9816,55.60823833,159.6330267,-159.6330267,yes,impossible to find original site. Shifting gravel bars,n,n,y,y,n,15:46
7,14,2020,228,Fox-1,Fox,no,16:48,12.8,31.3,.,55,37.0038,159,39.2122,55.61673,159.6535367,-159.6535367,no,rolled net in eelgrass. Kept cod for genetics,y,y,y,n,y,15:46
7,17,2020,229,BB-2,Balboa,no,6:50,12.7,30,.,55,34.6804,160,35.7600,55.57800667,160.596,-160.596,yes,gnats are terrible today. ,y,n,n,y,y,7:29
7,17,2020,230,BB-3,Balboa,no,7:16,13,30,.,55,34.5571,160,35.9109,55.57595167,160.598515,-160.598515,yes,,n,y,n,y,n,7:29
7,17,2020,231,BB-4,Balboa,no,7:54,12.4,30.3,.,55,34.6555,160,36.8892,55.57759167,160.61482,-160.61482,yes,small amount of eelgrass,y,n,y,n,y,7:29
7,17,2020,232,BB-6,Balboa,no,8:51,13.1,28,.,55,35.0144,160,36.7532,55.58357333,160.6125533,-160.6125533,yes,"shallow, had to row net. No rocks, no roll, no drama",y,y,y,n,y,7:29
7,17,2020,233,BB-7,Balboa,no,9:47,13.7,29,.,55,35.0754,160,36.8661,55.58459,160.614435,-160.614435,yes,,y,n,y,n,y,7:29
7,19,2020,234,Fal-1,Falmouth,no,7:29,12.3,30.8,.,55,4.0076,160,7.5886,55.06679333,160.1264767,-160.1264767,yes,shrimp! Pandalids!,n,y,n,y,y,8:46
7,19,2020,235,Fal-5,Falmouth,no,8:27,12.2,30.9,.,55,4.1363,160,7.7772,55.06893833,160.12962,-160.12962,yes,ulva and black sand.,n,y,n,y,n,8:46
7,19,2020,236,Fal-3,Falmouth,no,8:57,12,29.9,.,55,4.1092,160,6.7574,55.06848667,160.1126233,-160.1126233,yes,,n,y,n,y,y,8:46
7,19,2020,237,Fal-4,Falmouth,yes,9:38,12,29.9,.,55,4.1594,160,6.8255,55.06932333,160.1137583,-160.1137583,yes,"steep, shrimp!",n,y,n,n,y,8:46
7,19,2020,238,Fal-2,Falmouth,no,10:22,12.2,30.3,.,55,3.8485,160,7.0123,55.06414167,160.1168717,-160.1168717,yes,shallow sand. Ulva and assorted brown algae,n,n,n,n,n,8:46
7,20,2020,239,Sand-2,Sand Point,yes,10:10,11.9,31.3,.,55,19.2110,160,31.4470,55.32018333,160.5241167,-160.5241167,yes,rich laminaria bed. Many littorina snails,n,y,n,y,y,9:29
7,20,2020,240,Sand-3,Sand Point,yes,11:18,12.2,31.3,.,55,19.2210,160,31.2220,55.32035,160.5203667,-160.5203667,yes,"assorted brown algae, witches hair",y,n,n,n,y,9:29
7,23,2020,241,Bar-2,Baralof,no,9:05,11.2,31.2,.,55,13.7624,160,33.8755,55.22937333,160.5645917,-160.5645917,yes,,y,n,y,n,y,11:24
7,23,2020,242,Bar-3,Baralof,yes,10:05,11,31.1,.,55,13.7573,160,33.7409,55.22928833,160.5623483,-160.5623483,yes,,y,y,y,n,y,11:24
7,23,2020,243,Bar-4,Baralof,no,11:02,11.1,31.4,.,55,13.7559,160,33.1120,55.229265,160.5518667,-160.5518667,yes,"nearly rolled in EG, mike in boat keeping corks up",y,n,y,n,n,11:24
7,23,2020,244,Bar-5,Baralof,no,11:46,11,31.3,.,55,13.8226,160,32.9010,55.23037667,160.54835,-160.54835,yes,"nearly rolled in EG, mike in boat keeping corks up",y,n,y,n,y,11:24
7,23,2020,245,Bar-1,Baralof,no,12:44,11.5,26.8,.,55,13.8532,160,34.0923,55.23088667,160.568205,-160.568205,yes,lots of juv dungie crabs,n,y,y,y,n,11:24
7,23,2020,246,Bar-6,Baralof,no,13:42,11.5,30.3,.,55,13.6923,160,33.6098,55.228205,160.5601633,-160.5601633,yes,had to row. Hung 3x,y,y,y,n,y,11:24
7,28,2020,247,RR-1,Rodman Reach,no,14:28,13.6,31.7,.,56,52.9345,154,15.2682,56.88224167,154.25447,-154.25447,yes,,y,n,n,y,y,14:44
7,28,2020,248,RR-2,Rodman Reach,no,13:02,13.4,31.4,.,56,54.0436,154,15.1380,56.90072667,154.2523,-154.2523,yes,some mud and mussels,n,y,y,y,y,14:44
7,28,2020,249,RR-4,Rodman Reach,no,13:40,12.9,31.8,.,56,52.6628,154,15.5981,56.87771333,154.2599683,-154.2599683,yes,,y,y,y,y,y,14:44
7,28,2020,250,RR-3,Rodman Reach,no,15:02,14.1,31.8,.,56,52.6947,154,14.7514,56.878245,154.2458567,-154.2458567,no,"wind onshore, hard set. Many boulders. Need minus tide",y,y,n,y,y,14:44
7,28,2020,251,RR-5,Rodman Reach,no,15:31,14.1,31.8,.,56,52.8110,154,14.6924,56.88018333,154.2448733,-154.2448733,yes,hung many times. This site very shallow. Not good cod habitat,y,n,y,y,n,14:44
7,28,2020,252,RR-6,Rodman Reach,no,15:52,14.0,31.8,.,56,52.8170,154,14.7786,56.88028333,154.24631,-154.24631,yes,steep and many boulders,y,n,y,n,y,14:44
7,30,2020,253,Jap-2,Japanese,no,5:59,12.2,31.5,.,56,56.8902,153,40.9311,56.94817,153.682185,-153.682185,yes,many sea stars. One small octopus,y,y,y,y,y,5:23
7,30,2020,254,Jap-3,Japanese,no,6:29,11.8,31.4,.,56,57.0660,153,41.1027,56.9511,153.685045,-153.685045,yes,,y,y,y,y,y,5:23
7,30,2020,255,Jap-6,Japanese,no,7:06,11.9,32.1,.,56,57.1893,153,40.7373,56.953155,153.678955,-153.678955,yes,,y,y,y,y,n,5:23
7,30,2020,256,Jap-1,Japanese,no,7:48,12.6,31.8,.,56,57.1825,153,41.0929,56.95304167,153.6848817,-153.6848817,yes,"nearly rolled in EG, mike in boat keeping corks up",y,n,y,y,y,5:23
7,30,2020,257,Jap-5,Japanese,no,8:19,13.5,31.6,.,56,58.0799,153,40.9186,56.96799833,153.6819767,-153.6819767,yes,"pteropods. nearly rolled in EG, mike in boat keeping corks up",y,n,y,y,y,5:23
7,30,2020,258,Jap-4,Japanese,no,8:46,13.1,31.5,.,56,57.5488,153,41.3792,56.95914667,153.6896533,-153.6896533,yes,many small pycnopodia,y,y,y,y,n,5:23
8,1,2020,259,Kai-1,Kaiugnak,no,6:44,12.1,31.4,.,57,3.6392,153,42.3318,57.06065333,153.70553,-153.70553,yes,,n,y,n,y,n,7:17
8,1,2020,260,Kai-2,Kaiugnak,yes,7:16,12.1,31.4,.,57,3.4295,153,42.1803,57.05715833,153.703005,-153.703005,yes,,n,y,n,y,y,7:17
8,1,2020,261,Kai-6,Kaiugnak,no,8:08,11.9,31.6,.,57,3.3573,153,39.6193,57.055955,153.6603217,-153.6603217,yes,huge mussel bed and evasterias on dry beach,y,y,y,y,n,7:17
8,1,2020,262,Kai-3,Kaiugnak,no,8:51,11.3,31.7,.,57,3.2130,153,39.1894,57.05355,153.6531567,-153.6531567,yes,thick eelgrass. Mike in water keeping corks up,y,n,n,y,n,7:17
8,1,2020,263,Kai-7,Kaiugnak,no,9:39,11.9,31.9,.,57,3.4352,153,38.1033,57.05725333,153.635055,-153.635055,yes,thick eelgrass. Net rolled; mike unrolled in water,y,n,n,y,n,7:17
8,1,2020,264,Kai-4,Kaiugnak,no,10:06,12.2,31.7,.,57,4.2533,153,40.4873,57.07088833,153.6747883,-153.6747883,yes,,n,n,y,n,y,7:17
8,3,2020,265,Kilu-1,Kiliuda,no,18:24,12.7,31.5,.,57,19.2820,152,54.0647,57.32136667,152.9010783,-152.9010783,yes,,y,n,y,y,n,20:32
8,3,2020,266,Kilu-2,Kiliuda,no,18:54,12.7,31.7,.,57,19.4143,152,53.9453,57.32357167,152.8990883,-152.8990883,yes,thick eelgrass. Mike in water keeping corks up,y,n,y,y,n,20:32
8,3,2020,267,Kilu-4,Kiliuda,no,19:22,12.5,31.7,.,57,19.6465,152,53.8568,57.32744167,152.8976133,-152.8976133,yes,no rolling at all - great site,y,n,y,y,y,20:32
8,3,2020,268,Kilu-6,Kiliuda,no,19:58,12.5,31.5,.,57,19.3338,152,54.7993,57.3222,152.9133,-152.9133217,yes,,y,n,y,y,n,20:32
8,3,2020,269,Kilu-5,Kiliuda,no,20:28,12.2,31.8,.,57,19.3437,152,54.6309,57.3224,152.9105,-152.910515,yes,no rolling at all - great site,y,n,y,y,n,20:32
8,3,2020,270,Kilu-3,Kiliuda,no,21:07,12.8,31.3,.,57,19.5088,152,54.3492,57.3251,152.9058,-152.90582,yes,thick eelgrass. Mike in water keeping corks up,y,n,y,y,n,20:32
8,7,2020,271,Ugak-2,Ugak,no,7:58,13.7,29.0,.,57,27.6209,152,58.0333,57.4603,152.9672,-152.9672217,yes,"we set again, deeper, and got no fish",n,n,y,y,y,10:36
8,7,2020,272,Ugak-3,Ugak,no,8:29,13.8,27.9,.,57,27.5796,152,58.5424,57.4597,152.9757,-152.9757067,yes,,n,n,y,y,y,10:36
8,7,2020,273,Ugak-4,Ugak,no,8:52,12.6,28.6,.,57,27.0958,152,59.9775,57.4516,152.9996,-152.999625,yes,,n,y,y,y,y,10:36
8,7,2020,274,Ugak-8,Ugak,no,9:21,13.2,29.3,.,57,26.7954,153,0.3280,57.4466,153.0055,-153.0054667,yes,,y,n,y,y,y,10:36
8,7,2020,275,Ugak-5,Ugak,no,10:00,13.1,29.2,.,57,26.2491,153,2.3991,57.4375,153.0400,-153.039985,yes,,y,n,y,y,y,10:36
8,7,2020,276,Ugak-6,Ugak,no,10:44,13.5,29.6,.,57,26.7743,153,1.2811,57.4462,153.0214,-153.0213517,yes,rolled net some. ,y,n,y,y,n,10:36
8,7,2020,277,Ugak-7,Ugak,no,11:21,13.8,26.2,.,57,28.3409,152,59.4260,57.4723,152.9904,-152.9904333,yes,bear!,y,n,y,y,y,10:36
7,5,2021,278,AG-1,Agripina,no,5:37,9.2,29,.,57,6.2428,156,28.5995,57.104,156.4767,-156.4767,yes,bear on beach,y,y,y,y,n,6:43
7,5,2021,279,AG-2,Agripina,no,6:21,9.4,28.4,.,57,6.2726,156,28.2811,57.1045,156.4714,-156.4714,yes,comb jellys,y,y,y,n,n,6:43
7,5,2021,280,AG-3,Agripina,no,6:58,9.1,28.7,.,57,6.4392,156,27.3723,57.1073,156.4562,-156.4562,yes,comb jellys,y,y,y,y,n,6:43
7,5,2021,281,AG-4,Agripina,no,7:34,9.1,24.7,.,57,6.5546,156,27.6141,57.1092,156.4602,-156.4602,yes,comb jellys,y,y,n,y,n,6:43
7,5,2021,282,AG-5,Agripina,no,7:52,9.2,27.2,.,57,6.2953,156,27.5095,57.1049,156.4585,-156.4585,yes,ulva,y,y,y,y,n,6:43
7,5,2021,283,AG-6,Agripina,no,8:25,8.9,11.4,.,57,6.7984,156,28.7641,57.1133,156.4794,-156.4794,yes,ulva,y,y,y,y,n,6:43
7,6,2021,284,PW-1,Port Wrangell,no,6:24,7.2,7.4,.,57,2.9541,156,36.6873,57.0492,156.6115,-156.6115,yes,,y,n,n,y,n,7:33
7,6,2021,285,PW-3,Port Wrangell,no,6:49,9.2,21.9,.,57,2.7958,156,36.7831,57.0466,156.6131,-156.6131,yes,,y,n,n,y,n,7:33
7,6,2021,286,PW-2,Port Wrangell,no,7:11,9.1,21.1,.,57,2.8745,156,36.7214,57.0479,156.612,-156.612,yes,,y,y,n,y,n,7:33
7,6,2021,287,PW-4,Port Wrangell,no,7:44,9.1,21.8,.,57,3.5298,156,34.3522,57.0588,156.5725,-156.5725,yes,,y,y,y,y,n,7:33
7,9,2021,288,Mit-4,Mitrofania,no,7:32,9.6,28,.,56,58.9147,158,42.6945,56.9819,158.7116,-158.7116,yes,had to row. Very shallow,n,y,y,n,y,9:27
7,9,2021,289,Mit-5,Mitrofania,no,8:14,8.9,18.9,.,55,58.8618,158,41.8831,55.981,158.6981,-158.6981,yes,"be low tide so low, we oved slightly away to have enough water for the seine",n,y,y,n,y,9:27
7,9,2021,290,Mit-6,Mitrofania,no,8:50,9.2,29.5,.,55,58.7346,158,42.2502,55.9789,158.7042,-158.7042,yes,,n,y,y,y,y,9:27
7,9,2021,291,Mit-3,Mitrofania,no,9:14,9.6,28,.,55,58.7226,158,42.6517,55.9787,158.7109,-158.7109,yes,,y,y,y,y,y,9:27
7,9,2021,292,Mit-2,Mitrofania,no,10:27,9.6,28.3,.,55,58.8067,158,42.8025,55.9801,158.7134,-158.7134,yes,mesa died. Used last year coordinates,n,y,y,y,y,9:27
7,9,2021,293,Mit-1,Mitrofania,no,10:48,9.6,27.9,.,55,58.682,158,42.9076,55.978,158.7151,-158.7151,yes,mesa died. Used last year coordinates,y,y,n,y,y,9:27
7,11,2021,294,Fox-4,Fox,no,8:37,11.8,28.2,.,55,36.5042,159,37.8208,55.6084,159.6303,-159.6303,yes,,n,y,n,y,n,10:28
7,11,2021,295,Fox-5,Fox,no,9:09,11.9,27.7,.,55,36.4969,159,37.9633,55.6083,159.6327,-159.6327,yes,,n,y,y,y,n,10:28
7,11,2021,296,Fox-3,Fox,no,9:46,12,28.3,.,55,36.5614,159,38.2322,55.6094,159.6372,-159.6372,yes,"Macrocystis pyrifera, very thin ""bed""; several single stalks",y,n,y,y,n,10:28
7,11,2021,297,Fox-2,Fox,no,10:28,12.1,28.5,.,55,36.693,159,38.4948,55.6116,159.6416,-159.6416,yes,"Macrocystis pyrifera, very thin ""bed""; several single stalks",y,n,y,y,y,10:28
7,11,2021,298,Fox-1,Fox,no,11:22,12.2,28.9,.,55,36.9908,159,39.1896,55.6165,159.6532,-159.6532,yes,"Macrocystis pyrifera, very thin ""bed""; several single stalks",y,n,y,n,y,10:28
7,13,2021,299,BB-2,Balboa,no,10:06,9.5,31,.,55,34.6768,160,35.7567,55.5779,160.5959,-160.5959,yes,,n,y,n,y,y,11:44
7,13,2021,300,BB-3,Balboa,no,10:36,9.6,31.2,.,55,34.6588,160,35.8921,55.5776,160.5982,-160.5982,yes,,n,y,n,y,n,11:44
7,13,2021,301,BB-4,Balboa,no,11:07,10.2,30.8,.,55,34.6473,160,36.9069,55.5775,160.6151,-160.6151,yes,,y,y,y,y,y,11:44
7,13,2021,302,BB-6,Balboa,no,12:13,12,27.8,.,55,34.9939,160,36.7821,55.5832,160.613,-160.613,yes,shallow. Had to walk net,y,y,y,y,y,11:44
7,13,2021,303,BB-7,Balboa,no,12:48,10.3,31.2,.,55,35.0841,160,36.8645,55.5847,160.6144,-160.6144,yes,,y,y,y,n,y,11:44
7,15,2020,304,Bar-1,Baralof,no,11:24,12.3,29.2,.,55,13.8791,160,34.1202,55.2313,160.5687,-160.5687,yes,,y,y,n,n,n,13:03
7,15,2020,305,Bar-2,Baralof,no,11:49,12.4,29.8,.,55,13.7671,160,33.871,55.2295,160.5645,-160.5645,yes,,y,y,y,y,y,13:03
7,15,2020,306,Bar-3,Baralof,yes,12:20,12.3,29.9,.,55,13.7527,160,33.7271,55.2292,160.5621,-160.5621,yes,,y,y,y,y,y,13:03
7,15,2020,307,Bar-4,Baralof,no,13:00,11.9,28.1,.,55,13.7533,160,33.1058,55.2292,160.5518,-160.5518,yes,,y,y,y,n,y,13:03
7,15,2020,308,Bar-5,Baralof,no,13:44,12.3,30.7,.,55,13.8207,160,32.9152,55.2303,160.5486,-160.5486,yes,,y,n,y,y,y,13:03
7,15,2020,309,Bar-6,Baralof,no,14:12,14.2,25.1,.,55,13.6819,160,33.5817,55.228,160.5597,-160.5597,yes,,y,y,y,y,y,13:03
7,17,2021,310,Fal-2,Falmouth,no,12:41,15.1,29.5,.,55,3.8188,160,7.0137,55.0636,160.1169,-160.1169,yes,sandy beach,n,y,n,n,n,14:26
7,17,2021,311,Fal-3,Falmouth,yes,13:08,15.7,30.7,.,55,4.1087,160,6.7479,55.0685,160.1125,-160.1125,yes,,y,y,n,y,n,14:26
7,17,2021,312,Fal-4,Falmouth,yes,13:44,15.7,29.7,.,55,4.1682,160,6.8245,55.0695,160.1137,-160.1137,yes,,y,y,n,y,n,14:26
7,17,2021,313,Fal-5,Falmouth,no,14:22,13.8,31.2,.,55,4.1362,160,7.7831,55.0689,160.1297,-160.1297,yes,,y,y,n,y,n,14:26
7,17,2021,314,Fal-1,Falmouth,no,14:53,14.4,31.1,.,55,4.008,160,7.6128,55.0668,160.1269,-160.1269,yes,,y,y,y,y,n,14:26
7,21,2021,315,Sand-2,Sand Point,no,8:30,10.4,30.7,.,55,19.2878,160,31.4023,55.3215,160.5234,-160.5234,yes,,y,n,y,y,n,7:17
7,21,2021,316,Sand-3,Sand Point,no,9:04,10.4,30.9,.,55,19.224,160,31.2146,55.3204,160.5202,-160.5202,yes,Caprellidae amphipod saved,y,y,y,n,y,7:17
7,24,2021,317,Sanak-1,Caton Harbor,no,8:45,.,.,.,54,24.1857,162,28.4152,54.4031,162.4736,-162.4736,no,shallow. sand. Too much EG,n,n,n,y,y,9:43
7,24,2021,318,Sanak-2,Caton Harbor,no,9:21,11.6,31.4,.,54,23.4672,162,27.847,54.3911,162.4641,-162.4641,yes,,n,n,n,y,y,9:43
7,24,2021,319,Sanak-3,Caton Harbor,no,9:50,.,.,.,54,22.0255,162,27.4494,54.3671,162.4575,-162.4575,yes,dragon kelp.,y,y,y,y,y,9:43
7,24,2021,320,Sanak-4,NE Harbor,no,19:15,12.2,31.3,.,54,26.5813,162,36.3484,54.443,162.6058,-162.6058,yes,3 huge rocks in net,y,y,n,n,n,21:22
7,24,2021,321,Sanak-5,NE Harbor,no,20:01,12.8,31.1,.,54,26.495,162,36.3356,54.4416,162.6056,-162.6056,yes,pretty bare.,y,y,n,y,n,21:22
7,28,2021,322,RR-1,Rodman Reach,no,10:35,10.2,31.5,.,56,52.9413,154,15.2631,56.8824,154.2544,-154.2544,yes,,y,y,y,n,y,11:51
7,28,2021,323,RR-3,Rodman Reach,no,11:21,.,.,.,56,52.7034,154,14.7792,56.8784,154.2463,-154.2463,no,bad. Rolled bc EG.,n,y,y,y,y,11:51
7,28,2021,324,RR-5,Rodman Reach,no,11:39,11.7,31,.,56,52.8025,154,14.7174,56.88,154.2453,-154.2453,yes,lots crabs and anenomes,n,y,y,y,n,11:51
7,28,2021,325,RR-6,Rodman Reach,no,12:02,11,31.4,.,56,52.8124,154,14.7861,56.8802,154.2464,-154.2464,yes,,n,y,n,y,y,11:51
7,28,2021,326,RR-4,Rodman Reach,no,12:34,12,31.2,.,56,52.6874,154,15.54,56.8781,154.259,-154.259,yes,,y,y,n,y,n,11:51
7,28,2021,327,RR-2,Rodman Reach,no,13:13,11.4,30.5,.,56,54.057,154,15.1374,56.901,154.2523,-154.2523,yes,,y,y,y,y,n,11:51
7,31,2021,328,Jap-1,Japanese,no,11:11,12.4,30.5,.,56,57.1809,153,41.1209,56.953,153.6853,-153.6853,yes,,y,y,y,n,y,13:40
7,31,2021,329,Jap-6,Japanese,no,11:36,12.4,29.4,.,56,57.1904,153,40.7352,56.9532,153.6789,-153.6789,yes,,y,y,y,y,n,13:40
7,31,2021,330,Jap-2,Japanese,no,12:01,12.4,29.7,.,56,56.8884,153,40.9268,56.9481,153.6821,-153.6821,yes,,n,y,y,y,n,13:40
7,31,2021,331,Jap-7,Japanese,no,12:28,12.3,29.7,.,56,56.7411,153,41.0386,56.9457,153.684,-153.684,yes,,n,y,y,n,y,13:40
7,31,2021,332,Jap-3,Japanese,no,13:17,12,30.3,.,56,57.069,153,41.0969,56.9512,153.6849,-153.6849,yes,,n,y,y,n,n,13:40
7,31,2021,333,Jap-5,Japanese,no,13:40,13.2,27.7,.,56,58.0796,153,40.9243,56.968,153.6821,-153.6821,yes,,y,y,y,n,y,13:40
7,31,2021,334,Jap-4,Japanese,no,14:24,12.8,29.2,.,56,57.5494,153,41.3747,56.9592,153.6896,-153.6896,yes,,n,y,y,n,n,13:40
8,4,2021,335,Kai-1,Kaiugnak,no,6:15,13.8,30.6,.,57,3.6378,153,42.3338,57.0606,153.7056,-153.7056,yes,,y,y,n,y,n,6:18
8,4,2021,336,Kai-2,Kaiugnak,no,6:45,13.2,30.9,.,57,3.4279,153,42.2024,57.0571,153.7034,-153.7034,yes,,y,n,n,n,n,6:18
8,4,2021,337,Kai-3,Kaiugnak,no,7:23,13.4,30.6,.,57,3.2098,153,39.1966,57.0535,153.6533,-153.6533,yes,,n,y,n,n,y,6:18
8,4,2021,338,Kai-6,Kaiugnak,no,8:04,13.5,30.6,.,57,3.3584,153,39.0109,57.056,153.6502,-153.6502,yes,,y,y,y,y,y,6:18
8,4,2021,339,Kai-7,Kaiugnak,no,8:39,13,30.7,.,57,3.4374,153,38.1083,57.0573,153.6351,-153.6351,yes,,n,y,n,n,y,6:18
8,4,2021,340,Kai-4,Kaiugnak,no,9:11,12.9,31.4,.,57,4.2504,153,40.4901,57.0708,153.6748,-153.6748,yes,white sand and cobble,y,n,y,n,n,6:18
8,6,2021,341,Ugak-7,Ugak,no,6:27,13.9,22.4,.,57,28.3413,152,59.4245,57.4724,152.9904,-152.9904,yes,,y,y,n,n,y,7:33
8,6,2021,342,Ugak-2,Ugak,no,7:01,14.1,22.5,.,57,26.6196,153,58.0405,57.4437,153.9673,-153.9673,yes,,y,y,n,n,n,7:33
8,6,2021,343,Ugak-3,Ugak,no,7:32,14.2,22.2,.,57,26.5824,152,58.5595,57.443,152.976,-152.976,yes,,n,y,n,n,n,7:33
8,6,2021,344,Ugak-4,Ugak,no,8:24,13.1,21.1,.,57,26.1019,152,59.9721,57.435,152.9995,-152.9995,yes,,y,y,y,n,n,7:33
8,6,2021,345,Ugak-8,Ugak,no,8:53,13.5,20.8,.,57,26.7906,153,0.3377,57.4465,153.0056,-153.0056,yes,,y,y,y,y,y,7:33
8,6,2021,346,Ugak-6,Ugak,no,9:16,14.9,23.6,.,57,26.7821,153,1.2924,57.4464,153.0215,-153.0215,yes,,n,y,n,n,y,7:33
8,6,2021,347,Ugak-5,Ugak,no,9:39,14.7,22.9,.,57,26.2507,153,2.4024,57.4375,153.04,-153.04,yes,,y,y,y,n,y,7:33
5,17,2022,348,RR-4,Rodman Reach,no,8:51,6.4,21.6,.,56,52.6742,154,15.5552,56.8779,154.2593,-154.2593,yes,.,n,y,n,y,n,9:16
5,17,2022,349,RR-3,Rodman Reach,no,9:33,7,28.9,.,56,52.7224,154,14.7807,56.8787,154.2463,-154.2463,yes,.,n,y,n,y,y,9:16
5,17,2022,350,RR-1,Rodman Reach,no,10:21,6.8,30.3,.,56,52.9397,154,15.2452,56.8823,154.2541,-154.2541,yes,mud,n,n,n,y,y,9:16
5,17,2022,351,RR-birch,Rodman Reach,yes,11:25,8.8,31,.,56,53.1983,154,14.7232,56.8866,154.2454,-154.2454,yes,.,n,n,y,y,n,9:16
5,17,2022,352,RR-2,Rodman Reach,no,12:15,7.2,31.1,.,56,54.0487,154,15.1493,56.9008,154.2525,-154.2525,yes,.,n,y,n,y,n,9:16
5,19,2022,353,Laminaria South,Cook,no,9:58,7.2,29.6,.,57,46.192,152,16.592,57.7699,152.2765,-152.2765,yes,.,y,y,y,y,n,11:20
5,19,2022,354,Eelgrass South,Cook,no,10:37,7.4,31,.,57,46.1169,152,16.4305,57.7686,152.2738,-152.2738,yes,.,n,n,n,n,y,11:20
5,19,2022,355,Laminaria East,Cook,no,11:10,7.6,31.7,.,57,43.436,152,15.5399,57.7239,152.259,-152.259,yes,.,n,y,n,y,n,11:20
5,19,2022,356,Eelgrass West,Cook,no,11:37,9,31.6,.,57,46.765,152,16.6119,57.7794,152.2769,-152.2769,yes,.,n,n,y,n,y,11:20
5,19,2022,357,Laminaria North,Cook,no,12:40,8.8,31.5,.,57,46.699,152,15.035,57.7783,152.2506,-152.2506,yes,.,n,y,n,y,n,11:20
5,19,2022,358,Eelgrass North,Cook,no,13:19,9.8,31.7,.,57,46.889,152,14.893,57.7815,152.2482,-152.2482,yes,mud,n,n,n,y,y,11:20
5,22,2022,359,CH-1,Chief Cove,no,12:48,6.9,27.7,.,57,42.2606,153,54.6191,57.7043,153.9103,-153.9103,yes,herring eggs on beach,y,y,n,n,y,14:45
5,22,2022,360,CH-2,Chief Cove,yes,13:26,7.8,30.7,.,57,42.3631,153,54.544,57.7061,153.9091,-153.9091,yes,herring eggs on beach,y,y,y,y,n,14:45
5,22,2022,361,CH-3,Chief Cove,no,14:41,7.3,31,.,57,42.6809,153,54.6622,57.7113,153.911,-153.911,yes,.,n,y,y,y,y,14:45
5,22,2022,362,CH-4,Chief Cove,no,15:35,8.5,30.8,.,57,42.3504,153,54.1588,57.7058,153.9026,-153.9026,yes,mud,n,y,y,n,y,14:45
5,22,2022,363,CH-5,Chief Cove,no,16:12,7.6,31.1,.,57,42.4771,153,54.2243,57.708,153.9037,-153.9037,yes,.,y,y,y,y,n,14:45
5,24,2022,364,Kilu-6,Kiliuda,no,14:49,7.4,28.7,.,57,19.3343,152,54.7856,57.3222,152.9131,-152.9131,yes,.,n,y,n,y,y,16:22
5,24,2022,365,Kilu-5,Kiliuda,no,15:20,7.4,30.4,.,57,19.3583,152,54.6228,57.3226,152.9104,-152.9104,yes,.,n,y,n,y,y,16:22
5,24,2022,366,Kilu-4,Kiliuda,yes,15:57,8.5,29.4,.,57,19.6564,152,53.8604,57.3276,152.8977,-152.8977,yes,.,y,y,y,y,y,16:22
5,24,2022,367,Kilu-3,Kiliuda,no,16:37,8.4,30.5,.,57,19.5071,152,54.351,57.3251,152.9059,-152.9059,yes,.,y,y,y,y,y,16:22
5,24,2022,368,Kilu-7,Kiliuda,yes,17:06,7.7,31.2,.,57,19.4112,152,54.2794,57.3235,152.9047,-152.9047,yes,.,n,y,y,y,y,16:22
5,24,2022,369,Kilu-2,Kiliuda,yes,17:42,8.4,30.7,.,57,19.3929,152,53.9696,57.3232,152.8995,-152.8995,yes,.,n,y,y,n,y,16:22
5,24,2022,370,Kilu-1,Kiliuda,no,18:20,7.3,31.3,.,57,19.2834,152,54.1026,57.3214,152.9017,-152.9017,yes,.,n,y,n,n,y,16:22
6,12,2022,371,Eelgrass West,Cook,yes,5:58,10.1,29.7,.,57,46.765,152,16.6119,57.7794,152.2769,-152.2769,yes,.,y,y,n,n,y,7:08
6,12,2022,372,Laminaria North,Cook,no,6:44,10.2,29,.,57,46.699,152,15.035,57.7783,152.2506,-152.2506,yes,.,y,y,n,y,n,7:08
6,12,2022,373,Laminaria East,Cook,no,7:20,9.7,29.8,.,57,43.436,152,15.5399,57.7239,152.259,-152.259,yes,.,y,y,y,y,n,7:08
6,12,2022,374,Eelgrass South,Cook,no,7:56,9.6,30.1,.,57,46.1169,152,16.4305,57.7686,152.2738,-152.2738,yes,.,y,y,n,n,y,7:08
6,12,2022,375,Laminaria South,Cook,no,8:51,10,31.1,.,57,46.192,152,16.592,57.7699,152.2765,-152.2765,yes,.,y,y,y,y,n,7:08
7,2,2022,376,CH-1,Chief Cove,no,9:53,14.1,22.4,.,57,42.2606,153,54.6191,57.7043,153.9103,-153.9103,yes,hung on boulder,y,y,n,n,y,11:21
7,2,2022,377,CH-4,Chief Cove,no,10:29,14.3,27.2,.,57,42.352,153,54.168,57.7059,153.9028,-153.9028,yes,walk net because so shallow,y,n,y,n,y,11:21
7,2,2022,378,CH-5,Chief Cove,no,11:09,14.1,28.1,.,57,42.4975,153,54.239,57.7083,153.904,-153.904,yes,.,y,y,y,y,y,11:21
7,2,2022,379,CH-3,Chief Cove,no,12:09,14.3,28.3,.,57,42.6809,153,54.6622,57.7113,153.911,-153.911,yes,.,n,n,n,y,y,11:21
7,2,2022,380,CH-2,Chief Cove,no,12:52,14.5,27.8,.,57,42.3592,153,54.5804,57.706,153.9097,-153.9097,yes,Dan Earle's site,y,y,n,y,n,11:21
7,4,2022,381,AG-1,Agripina,no,10:51,11.3,26.7,.,57,6.2493,156,28.5958,57.1042,156.4766,-156.4766,yes,.,y,y,y,y,y,12:40
7,4,2022,382,AG-2,Agripina,yes,11:43,11.1,26.6,.,57,6.2747,156,28.3022,57.1046,156.4717,-156.4717,yes,.,y,y,y,y,n,12:40
7,4,2022,383,AG-4,Agripina,no,12:23,9.7,24.9,.,57,6.5589,156,27.6121,57.1093,156.4602,-156.4602,yes,.,y,y,n,n,n,12:40
7,4,2022,384,AG-3,Agripina,no,12:57,11.1,26,.,57,6.4209,156,27.3852,57.107,156.4564,-156.4564,yes,.,y,y,n,y,n,12:40
7,4,2022,385,AG-5,Agripina,no,13:16,11.1,27.3,.,57,6.29,156,27.5074,57.1048,156.4585,-156.4585,yes,.,y,n,y,y,n,12:40
7,4,2022,386,AG-6,Agripina,no,14:03,11.1,27.2,.,57,6.7892,156,28.7741,57.1132,156.4796,-156.4796,yes,.,y,y,y,y,y,12:40
7,6,2022,387,PW-1,Port Wrangell,yes,12:38,9.8,25.3,.,57,2.9533,156,36.6972,57.0492,156.6116,-156.6116,yes,.,y,n,y,n,n,13:59
7,6,2022,388,PW-2,Port Wrangell,no,13:14,11.4,22.2,.,57,2.875,156,36.7218,57.0479,156.612,-156.612,yes,.,y,y,n,n,n,13:59
7,6,2022,389,PW-3,Port Wrangell,no,13:40,11.5,21.1,.,57,2.7858,156,36.7912,57.0464,156.6132,-156.6132,yes,.,y,y,n,n,n,13:59
7,6,2022,390,PW-4,Port Wrangell,no,14:40,12.1,21.1,.,57,3.5325,156,37.3641,57.0589,156.6227,-156.6227,yes,.,y,y,y,n,n,13:59
7,8,2022,391,Mit-1,Mitrofania,no,14:01,11.9,30.3,.,55,58.6839,158,42.9122,55.9781,158.7152,-158.7152,yes,mesa acting up,n,y,n,y,y,15:49
7,8,2022,392,Mit-2,Mitrofania,no,14:23,12.9,30.3,.,55,58.8036,158,42.8279,55.9801,158.7138,-158.7138,yes,mesa acting up,n,y,n,y,y,15:49
7,8,2022,393,Mit-3,Mitrofania,no,14:48,13.1,29.9,.,55,58.7221,158,42.6339,55.9787,158.7106,-158.7106,yes,mesa acting up,n,y,n,y,y,15:49
7,8,2022,394,Mit-4,Mitrofania,no,15:28,14.3,30.1,.,55,58.9207,158,42.7063,55.982,158.7118,-158.7118,yes,mesa acting up,y,y,y,n,y,15:49
7,8,2022,395,Mit-5,Mitrofania,no,16:04,14.5,28.4,.,55,58.9138,158,41.7892,55.9819,158.6965,-158.6965,yes,not sure about longitude,y,y,y,n,y,15:49
7,8,2022,396,Mit-6,Mitrofania,no,16:33,12.5,30.1,.,55,58.721,158,42.2472,55.9787,158.7041,-158.7041,yes,.,y,y,y,y,y,15:49
7,10,2022,397,Fox-1,Fox,no,6:18,13.7,30.8,.,55,36.9804,159,39.1838,55.6163,159.6531,-159.6531,yes,.,y,y,y,y,y,6:27
7,10,2022,398,Fox-2,Fox,no,6:46,14,30.9,.,55,36.7096,159,38.5175,55.6118,159.642,-159.642,yes,.,y,y,y,y,n,6:27
7,10,2022,399,Fox-3,Fox,no,7:11,13,31,.,55,36.5603,159,38.2294,55.6093,159.6372,-159.6372,yes,.,y,y,y,y,n,6:27
7,10,2022,400,Fox-4,Fox,no,7:46,14.2,29.3,.,55,36.4996,159,37.8288,55.6083,159.6305,-159.6305,yes,.,y,y,n,y,n,6:27
7,10,2022,401,Fox-5,Fox,no,8:16,13.7,30.6,.,55,36.4942,159,37.9243,55.6082,159.6321,-159.6321,yes,.,n,y,y,n,y,6:27
7,12,2022,402,BB-2,Balboa,no,7:33,11.4,30.5,.,55,34.6795,160,35.7695,55.578,160.5962,-160.5962,yes,lots shrimp and crab,n,y,n,y,y,8:26
7,12,2022,403,BB-3,Balboa,no,8:12,11.4,30.4,.,55,34.6528,160,35.8885,55.5775,160.5981,-160.5981,yes,.,y,y,n,y,n,8:26
7,12,2022,404,BB-4,Balboa,no,8:48,11.4,30.7,.,55,34.6463,160,36.9085,55.5774,160.6151,-160.6151,yes,.,y,n,n,n,y,8:26
7,12,2022,405,BB-7,Balboa,no,9:31,11.8,28.8,.,55,35.0851,160,36.8678,55.5848,160.6145,-160.6145,yes,.,y,y,y,y,y,8:26
7,14,2022,406,Fal-5,Falmouth,no,8:15,12.4,31.3,.,55,4.1387,160,7.7793,55.069,160.1297,-160.1297,yes,.,n,y,n,y,y,9:58
7,14,2022,407,Fal-1,Falmouth,no,8:54,12.4,31.4,.,55,4.0152,160,7.594,55.0669,160.1266,-160.1266,yes,.,y,y,y,y,n,9:58
7,14,2022,408,Fal-2,Falmouth,no,9:24,12.5,30.4,.,55,3.8361,160,7.0594,55.0639,160.1177,-160.1177,yes,.,n,y,n,y,n,9:58
7,14,2022,409,Fal-3,Falmouth,no,10:13,12.9,30.6,.,55,4.1088,160,6.7591,55.0685,160.1127,-160.1127,yes,.,y,y,n,y,n,9:58
7,14,2022,410,Fal-4,Falmouth,no,11:08,13,30.4,.,55,4.1515,160,6.8141,55.0692,160.1136,-160.1136,yes,slippery. Ulva,y,n,n,y,n,9:58
7,15,2022,411,Bar-5,Baralof,no,9:08,10.9,31.5,.,55,13.8231,160,32.9012,55.2304,160.5484,-160.5484,yes,.,y,y,y,y,y,10:48
7,15,2022,412,Bar-4,Baralof,no,10:04,11.1,31.5,.,55,13.7569,160,33.0928,55.2293,160.5515,-160.5515,yes,.,n,y,y,n,y,10:48
7,15,2022,413,Bar-3,Baralof,no,11:03,10.6,31.8,.,55,13.7577,160,33.7316,55.2293,160.5622,-160.5622,yes,.,y,y,n,y,y,10:48
7,15,2022,414,Bar-2,Baralof,no,11:50,10.8,31.4,.,55,13.7698,160,33.8757,55.2295,160.5646,-160.5646,yes,.,y,n,y,n,y,10:48
7,15,2022,415,Bar-1,Baralof,no,12:39,10.7,31.7,.,55,13.8656,160,34.0887,55.2311,160.5681,-160.5681,yes,.,n,y,n,n,y,10:48
7,19,2022,416,Sand-2,Sand Point,no,12:23,11.1,31.9,.,55,19.203,160,31.4415,55.3201,160.524,-160.524,yes,.,y,n,y,y,n,13:33
7,19,2022,417,Sand-3,Sand Point,no,13:10,11.5,32.1,.,55,19.2214,160,31.2049,55.3204,160.5201,-160.5201,yes,.,y,y,y,n,y,13:33
7,25,2022,418,RR-4,Rodman Reach,no,6:58,12.2,31.9,.,56,52.6806,154,15.5528,56.878,154.2592,-154.2592,yes,.,n,y,n,y,y,7:24
7,25,2022,419,RR-1,Rodman Reach,no,7:34,12.1,32,.,56,52.1324,154,15.2602,56.8689,154.2543,-154.2543,yes,.,n,y,n,y,y,7:24
7,25,2022,420,RR-3,Rodman Reach,no,8:12,12.3,32.1,.,56,52.7001,154,14.7067,56.8783,154.2451,-154.2451,yes,.,y,y,y,n,y,7:24
7,25,2022,421,RR-2,Rodman Reach,no,8:59,12.2,31.1,.,56,54.0492,154,15.1471,56.9008,154.2525,-154.2525,yes,.,y,y,y,y,y,7:24
7,28,2022,422,Jap-1,Japanese,no,7:28,12.3,30.6,.,56,57.193,153,41.1189,56.9532,153.6853,-153.6853,no,rolled net,n,y,y,n,y,8:50
7,28,2022,423,Jap-6,Japanese,no,7:58,12.4,31.1,.,56,57.195,153,40.7435,56.9533,153.6791,-153.6791,yes,.,y,y,y,n,y,8:50
7,28,2022,424,Jap-2,Japanese,no,8:41,11.9,31.2,.,56,56.9005,153,40.9283,56.9483,153.6821,-153.6821,yes,.,y,y,y,y,y,8:50
7,28,2022,425,Jap-7,Japanese,no,9:11,11.6,32,.,56,56.7571,153,41.0426,56.946,153.684,-153.684,yes,.,n,y,y,n,y,8:50
7,28,2022,426,Jap-3,Japanese,no,9:47,12.4,32.4,.,56,57.06,153,41.1075,56.951,153.6851,-153.6851,yes,.,n,y,y,y,n,8:50
7,28,2022,427,Jap-5,Japanese,no,10:16,13.6,30.2,.,56,58.0684,153,40.9347,56.9678,153.6822,-153.6822,yes,.,y,y,y,n,y,8:50
7,28,2022,428,Jap-4,Japanese,no,10:54,13.5,30.7,.,56,57.5484,153,41.3646,56.9591,153.6894,-153.6894,yes,lots of matted algae,n,y,y,n,n,8:50
7,28,2022,429,Jap-1,Japanese,no,11:17,12.3,30.6,.,56,57.1856,153,41.101,56.9531,153.685,-153.685,yes,.,n,y,y,n,y,8:50
7,29,2022,430,Kai-3,Kaiugnak,no,7:20,13.1,31.6,.,57,3.2156,153,39.1767,57.0536,153.6529,-153.6529,yes,.,n,y,n,n,y,9:20
7,29,2022,431,Kai-6,Kaiugnak,no,8:20,13,32,.,57,3.3493,153,39.0292,57.0558,153.6505,-153.6505,yes,.,n,y,y,y,n,9:20
7,29,2022,432,Kai-7,Kaiugnak,no,9:12,11.9,30.6,.,57,3.4313,153,38.0876,57.0572,153.6348,-153.6348,yes,.,n,y,n,n,y,9:20
7,29,2022,433,Kai-4,Kaiugnak,no,9:47,12.8,31.7,.,57,4.2475,153,40.4795,57.0708,153.6747,-153.6747,yes,.,y,y,n,y,n,9:20
7,29,2022,434,Kai-1,Kaiugnak,no,10:25,13,31,.,57,3.6427,153,47.3367,57.0607,153.7889,-153.7889,yes,.,y,y,y,n,y,9:20
7,29,2022,435,Kai-2,Kaiugnak,no,11:09,13.5,30.4,.,57,3.4354,153,42.1976,57.0573,153.7033,-153.7033,yes,.,y,y,n,y,y,9:20
8,4,2022,436,Kilu-1,Kiliuda,no,10:54,12.5,32.6,.,57,19.2834,152,54.1026,57.3214,152.9017,-152.9017,yes,.,y,y,n,n,y,12:36
8,4,2022,437,Kilu-2,Kiliuda,no,11:53,12.6,32.5,.,57,19.4026,152,53.9656,57.3234,152.8994,-152.8994,yes,.,n,y,y,n,y,12:36
8,4,2022,438,Kilu-3,Kiliuda,no,12:41,12.6,32.6,.,57,19.5113,152,54.3434,57.3252,152.9057,-152.9057,yes,.,y,y,y,n,y,12:36
8,4,2022,439,Kilu-4,Kiliuda,no,13:25,13,32.4,.,57,19.6474,152,53.8644,57.3275,152.8977,-152.8977,yes,.,y,y,y,n,y,12:36
8,4,2022,440,Kilu-5,Kiliuda,no,14:18,12.6,32.5,.,57,19.3415,152,54.6287,57.3224,152.9105,-152.9105,yes,.,n,y,n,y,y,12:36
8,4,2022,441,Kilu-6,Kiliuda,no,14:36,12.4,32.6,.,57,19.3326,152,54.798,57.3222,152.9133,-152.9133,yes,.,y,y,n,y,y,12:36
6,29,2023,470,Eelgrass South,Cook,no,6:10,8.1,31.1,.,57,46.1358,152,16.5115,57.7689,152.2752,-152.2752,yes,.,y,y,y,y,y,5:36
6,29,2023,471,Laminaria South,Cook,no,6:55,8.1,31.4,.,57,46.1788,152,16.6274,57.7696,152.2771,-152.2771,yes,.,y,y,y,y,n,5:36
6,29,2023,472,Eelgrass West,Cook,no,7:29,9.2,31.4,.,57,46.7742,152,15.8278,57.7796,152.2638,-152.2638,yes,.,n,n,n,y,y,5:36
7,1,2023,473,Kilu-2,Kiliuda,no,6:25,10.9,22.4,.,57,19.395,152,53.9809,57.3233,152.8997,-152.8997,yes,.,n,n,n,n,y,7:13
7,1,2023,474,Kilu-3,Kiliuda,no,6:49,10.8,21.5,.,57,19.5081,152,54.3396,57.3251,152.9057,-152.9057,yes,mysids!,n,y,y,n,y,7:13
7,1,2023,475,Kilu-4,Kiliuda,no,7:20,10.4,26.6,.,57,19.656,152,53.882,57.3276,152.898,-152.898,yes,.,n,y,n,y,y,7:13
7,1,2023,476,Kilu-6,Kiliuda,no,8:02,9.7,28.2,.,57,19.3364,152,54.7772,57.3223,152.913,-152.913,yes,.,n,y,n,y,y,7:13
7,1,2023,477,Kilu-5,Kiliuda,no,8:38,9.7,28.9,.,57,19.3474,152,54.6267,57.3225,152.9104,-152.9104,yes,.,n,y,n,n,y,7:13
7,1,2023,478,Kilu-1,Kiliuda,no,9:26,.,.,.,57,19.2834,152,54.1026,57.3214,152.9017,-152.9017,no,mussels,y,y,y,n,y,7:13
7,3,2023,479,Kai-3,Kaiugnak,no,6:58,10.5,21.7,.,57,3.2156,153,39.1767,57.0536,153.6529,-153.6529,yes,.,y,n,y,y,y,8:40
7,3,2023,480,Kai-6,Kaiugnak,no,7:35,10.5,22.3,.,57,3.3493,153,39.0292,57.0558,153.6505,-153.6505,yes,.,n,y,y,y,n,8:40
7,3,2023,481,Kai-7,Kaiugnak,no,8:40,9.7,23,.,57,3.4313,153,38.0876,57.0572,153.6348,-153.6348,yes,.,n,y,n,n,y,8:40
7,3,2023,482,Kai-4,Kaiugnak,no,9:09,9.9,19.1,.,57,4.2475,153,40.4795,57.0708,153.6747,-153.6747,yes,.,y,n,n,n,y,8:40
7,3,2023,483,Kai-1,Kaiugnak,no,9:52,10.3,17.7,.,57,3.6427,153,47.3367,57.0607,153.7889,-153.7889,yes,.,y,y,n,y,y,8:40
7,3,2023,484,Kai-2,Kaiugnak,no,10:29,10.2,16.3,.,57,3.4354,153,42.1976,57.0573,153.7033,-153.7033,yes,.,y,y,n,y,y,8:40
7,5,2023,485,RR-3,Rodman Reach,no,9:52,9.2,30.9,.,56,52.7174,154,14.784,56.8786,154.2464,-154.2464,yes,.,n,y,n,y,y,10:41
7,5,2023,486,RR-4,Rodman Reach,no,10:47,9.7,30.2,.,56,52.6806,154,15.5528,56.878,154.2592,-154.2592,yes,.,n,y,n,y,y,10:41
7,5,2023,487,RR-1,Rodman Reach,no,11:33,9.8,30.1,.,56,52.1324,154,15.2602,56.8689,154.2543,-154.2543,yes,.,y,n,n,y,y,10:41
7,7,2023,488,AG-1,Agripina,no,10:56,9.1,29.9,.,57,6.2557,156,28.5754,57.1043,156.4763,-156.4763,yes,.,n,n,y,y,n,12:33
7,7,2023,489,AG-2,Agripina,no,11:32,8.9,26.4,.,57,6.2753,156,28.2861,57.1046,156.4714,-156.4714,yes,.,y,y,n,y,n,12:33
7,7,2023,490,AG-5,Agripina,no,12:02,9.4,18.9,.,57,6.2925,156,27.5076,57.1049,156.4585,-156.4585,yes,.,y,y,y,y,n,12:33
7,7,2023,491,AG-3,Agripina,no,12:33,9,26.7,.,57,6.4253,156,27.3851,57.1071,156.4564,-156.4564,yes,.,y,y,n,y,n,12:33
7,7,2023,492,AG-4,Agripina,no,12:55,8.2,13.8,.,57,6.5532,156,27.6125,57.1092,156.4602,-156.4602,yes,.,y,y,y,y,n,12:33
7,7,2023,493,AG-6,Agripina,no,13:34,8.4,10.3,.,57,6.7987,156,28.747,57.1133,156.4791,-156.4791,yes,.,y,y,n,y,n,12:33
7,9,2023,494,PW-1,Port Wrangell,no,13:09,7.9,17.4,.,57,2.9565,156,36.6987,57.0493,156.6116,-156.6116,yes,good photo of 3 sizes cod,y,n,y,y,n,13:53
7,9,2023,495,PW-3,Port Wrangell,no,13:43,8,16.4,.,57,2.7883,156,36.7934,57.0465,156.6132,-156.6132,yes,.,y,n,n,y,n,13:53
7,9,2023,496,PW-4,Port Wrangell,no,14:25,8.9,16.6,.,57,3.5231,156,37.3586,57.0587,156.6226,-156.6226,yes,.,y,y,y,n,n,13:53
7,9,2023,497,PW-2,Port Wrangell,no,15:12,7.6,15.6,.,57,2.893,156,36.7063,57.0482,156.6118,-156.6118,yes,.,n,n,y,n,n,13:53
7,13,2023,498,Mit-1,Mitrofania,no,6:28,10.3,29.2,.,55,58.683,158,42.9122,55.9781,158.7152,-158.7152,yes,.,y,n,y,y,n,6:42
7,13,2023,499,Mit-2,Mitrofania,no,6:55,11.5,29.1,.,55,58.8022,158,42.8031,55.98,158.7134,-158.7134,yes,.,y,y,y,y,n,6:42
7,13,2023,500,Mit-3,Mitrofania,no,7:14,11.1,28.8,.,55,58.7267,158,42.6262,55.9788,158.7104,-158.7104,yes,.,n,y,y,y,y,6:42
7,13,2023,501,Mit-4,Mitrofania,no,7:54,10.6,29,.,55,58.9115,158,42.6878,55.9819,158.7115,-158.7115,yes,.,n,n,n,y,y,6:42
7,13,2023,502,Mit-6,Mitrofania,no,8:21,11.1,29.5,.,55,58.7266,158,42.2429,55.9788,158.704,-158.704,yes,.,n,y,n,y,y,6:42
7,13,2023,503,Mit-5,Mitrofania,no,8:46,11.1,28.3,.,55,58.8569,158,41.8815,55.9809,158.698,-158.698,yes,.,y,n,y,y,n,6:42
7,15,2023,504,Fox-3,Fox,no,7:36,12.3,30.2,.,55,36.5675,159,38.2637,55.6095,159.6377,-159.6377,yes,sea urchins,y,n,y,y,n,8:17
7,15,2023,505,Fox-2,Fox,no,8:09,12.1,30.3,.,55,36.7097,159,38.5154,55.6118,159.6419,-159.6419,yes,sea urchins,y,n,y,y,n,8:17
7,15,2023,506,Fox-1,Fox,no,8:48,11.8,30.3,.,55,36.4803,159,39.1843,55.608,159.6531,-159.6531,yes,octopus,y,n,y,y,y,8:17
7,15,2023,507,Fox-5,Fox,no,9:44,11.6,30,.,55,36.5004,159,37.9754,55.6083,159.6329,-159.6329,yes,.,n,y,y,y,y,8:17
7,15,2023,508,Fox-4,Fox,no,10:12,11.7,29.7,.,55,36.4889,159,37.849,55.6081,159.6308,-159.6308,yes,.,n,y,y,y,y,8:17
7,17,2023,509,Bar-5,Baralof,no,7:42,9.2,30.3,.,55,13.1824,160,32.9021,55.2197,160.5484,-160.5484,yes,.,y,y,n,y,y,9:32
7,17,2023,510,Bar-4,Baralof,no,8:32,9.2,29.6,.,55,13.7552,160,33.1088,55.2293,160.5518,-160.5518,yes,.,n,y,n,y,y,9:32
7,17,2023,511,Bar-3,Baralof,no,9:25,9.2,29.1,.,55,13.7666,160,33.7549,55.2294,160.5626,-160.5626,yes,.,y,n,y,y,y,9:32
7,17,2023,512,Bar-2,Baralof,no,10:04,9.4,28.1,.,55,13.7616,160,33.8834,55.2294,160.5647,-160.5647,yes,.,y,y,y,y,y,9:32
7,17,2023,513,Bar-1,Baralof,no,10:44,9.4,29.8,.,55,13.8505,160,34.0638,55.2308,160.5677,-160.5677,yes,.,n,y,n,y,y,9:32
7,17,2023,514,Bar-6,Baralof,no,11:27,9.6,28.9,.,55,13.6876,160,33.5977,55.2281,160.56,-160.56,yes,.,y,n,y,y,y,9:32
7,19,2023,515,Fal-1,Falmouth,no,9:28,11.6,30.9,.,55,4.0121,160,7.6032,55.0669,160.1267,-160.1267,yes,.,y,y,n,y,y,10:35
7,19,2023,516,Fal-5,Falmouth,no,9:57,11.4,31.1,.,55,4.1316,160,7.7816,55.0689,160.1297,-160.1297,yes,black sand,n,y,n,y,n,10:35
7,19,2023,517,Fal-3,Falmouth,no,10:33,13.4,27.2,.,55,4.1161,160,6.7652,55.0686,160.1128,-160.1128,yes,.,y,y,n,y,n,10:35
7,19,2023,518,Fal-4,Falmouth,no,11:01,13.4,27.7,.,55,4.1715,160,6.8386,55.0695,160.114,-160.114,yes,.,y,n,n,y,n,10:35
7,19,2023,519,Fal-2,Falmouth,no,12:14,12.3,30.6,.,55,3.8489,160,7.0183,55.0641,160.117,-160.117,yes,.,n,y,y,n,n,10:35
7,21,2023,520,BB-2,Balboa,no,9:55,9,30.4,.,55,34.6942,160,35.721,55.5782,160.5954,-160.5954,yes,Leiv Poncet volunteers,n,y,n,n,y,11:35
7,21,2023,521,BB-3,Balboa,no,10:35,9.9,29.2,.,55,34.6585,160,35.8918,55.5776,160.5982,-160.5982,yes,Leiv Poncet volunteers,n,y,n,y,n,11:35
7,21,2023,522,BB-4,Balboa,no,11:06,9.4,30.4,.,55,34.6521,160,36.89,55.5775,160.6148,-160.6148,yes,Leiv Poncet volunteers,y,n,n,y,y,11:35
7,21,2023,523,BB-7,Balboa,no,11:53,10.6,26.4,.,55,35.083,160,36.8711,55.5847,160.6145,-160.6145,yes,Leiv Poncet volunteers,y,y,n,y,y,11:35
7,24,2023,524,Sand-2,Sand Point,no,12:51,10.3,31.1,.,55,19.2031,160,31.439,55.3201,160.524,-160.524,yes,Leiv Poncet volunteers,y,n,n,y,n,12:51
7,24,2023,525,Sand-3,Sand Point,no,13:06,10.4,30.9,.,55,19.2181,160,31.2392,55.3203,160.5207,-160.5207,yes,Leiv Poncet volunteers,n,y,n,y,y,12:51
7,30,2023,526,Jap-6,Japanese,no,6:10,12.7,30.4,.,56,57.1626,153,40.7621,56.9527,153.6794,-153.6794,yes,.,y,y,y,y,y,6:51
7,30,2023,527,Jap-2,Japanese,no,6:42,12.5,30.1,.,56,56.8911,153,40.9377,56.9482,153.6823,-153.6823,yes,.,y,n,y,y,n,6:51
7,30,2023,528,Jap-3,Japanese,no,7:07,12.5,30.6,.,56,57.0588,153,41.1011,56.951,153.685,-153.685,yes,.,n,y,y,y,n,6:51
7,30,2023,529,Jap-5,Japanese,no,7:41,12.3,30,.,56,58.0617,153,40.9441,56.9677,153.6824,-153.6824,yes,.,y,y,n,y,y,6:51
7,30,2023,530,Jap-4,Japanese,no,8:16,12.8,30.2,.,56,57.5431,153,41.375,56.9591,153.6896,-153.6896,yes,.,n,y,y,y,n,6:51
7,30,2023,531,Jap-1,Japanese,no,8:44,12.7,29.8,.,56,57.1877,153,41.1112,56.9531,153.6852,-153.6852,yes,.,n,y,y,y,y,6:51
7,30,2023,532,Jap-7,Japanese,no,9:24,12.4,30.6,.,56,56.7621,153,41.0312,56.946,153.6839,-153.6839,yes,.,n,y,y,y,y,6:51
6,6,2024,541,Laminaria South,Cook,no,7:10,7.3,31.2,.,57,46.192,152,16.592,57.7699,152.2765,-152.2765,yes,.,y,y,y,y,n,8:47
6,6,2024,542,Eelgrass South,Cook,no,7:30,7.2,31.6,.,57,46.1169,152,16.4305,57.7686,152.2738,-152.2738,yes,.,y,y,n,n,y,8:47
6,6,2024,543,Laminaria East,Cook,no,8:13,7.5,31.7,.,57,43.436,152,15.5399,57.7239,152.259,-152.259,yes,.,y,y,y,y,n,8:47
6,6,2024,544,Eelgrass West,Cook,no,9:09,7.5,31.6,.,57,46.765,152,15.8142,57.7794,152.2636,-152.2636,yes,.,y,y,n,y,y,8:47
6,6,2024,545,Laminaria North,Cook,no,10:03,7.5,31.6,.,57,46.699,152,15.035,57.7783,152.2506,-152.2506,yes,.,y,y,y,y,n,8:47
6,6,2024,546,Eelgrass North,Cook,no,10:33,7.4,31.3,.,57,46.889,152,14.893,57.7815,152.2482,-152.2482,yes,.,n,n,n,y,y,8:47
7,3,2024,547,Kilu-6,Kiliuda,no,6:10,9.3,30.1,.,57,19.3375,152,54.7476,57.3223,152.9125,-152.9125,yes,.,n,y,n,y,y,7:07
7,3,2024,548,Kilu-5,Kiliuda,no,6:45,9.2,31,.,57,19.3523,152,54.6179,57.3225,152.9103,-152.9103,yes,.,n,y,n,y,y,7:07
7,3,2024,549,Kilu-3,Kiliuda,no,7:48,10.3,27.4,.,57,19.5091,152,54.343,57.3252,152.9057,-152.9057,yes,.,y,y,n,n,y,7:07
7,3,2024,550,Kilu-1,Kiliuda,no,8:16,10.2,27.4,.,57,19.2876,152,54.1097,57.3215,152.9018,-152.9018,yes,.,n,y,n,n,y,7:07
7,3,2024,551,Kilu-4,Kiliuda,no,8:42,9.9,29.4,.,57,19.6488,152,53.8661,57.3275,152.8978,-152.8978,yes,.,n,y,y,y,y,7:07
7,5,2024,552,Kai-3,Kaiugnak,no,7:00,11.1,29.6,.,57,3.2173,153,39.187,57.0536,153.6531,-153.6531,yes,.,y,y,n,y,y,8:28
7,5,2024,553,Kai-6,Kaiugnak,no,7:37,11.1,29.3,.,57,3.3362,153,39.0405,57.0556,153.6507,-153.6507,yes,.,n,y,n,y,n,8:28
7,5,2024,554,Kai-7,Kaiugnak,no,8:04,11.4,29.4,.,57,3.43,153,38.082,57.0572,153.6347,-153.6347,yes,.,n,y,n,n,y,8:28
7,5,2024,555,Kai-4,Kaiugnak,no,8:54,9.6,31.3,.,57,4.2405,153,40.4772,57.0707,153.6746,-153.6746,yes,.,y,y,n,y,n,8:28
7,5,2024,556,Kai-2,Kaiugnak,no,9:25,9.5,31.4,.,57,3.4346,153,42.1833,57.0572,153.7031,-153.7031,yes,.,y,y,n,y,n,8:28
7,5,2024,557,Kai-1,Kaiugnak,no,10:00,9.4,31.5,.,57,3.6394,153,42.3317,57.0607,153.7055,-153.7055,yes,.,n,n,n,y,y,8:28
7,7,2024,558,RR-3,Rodman Reach,no,9:45,10.5,30.9,.,56,52.7126,154,14.7734,56.8785,154.2462,-154.2462,yes,.,y,y,n,y,y,10:00
7,7,2024,559,RR-4,Rodman Reach,no,10:23,10.7,31.4,.,56,52.682,154,15.5376,56.878,154.259,-154.259,yes,.,y,y,n,y,n,10:00
7,7,2024,560,RR-1,Rodman Reach,no,11:10,10.2,31.5,.,56,52.9417,154,15.2546,56.8824,154.2542,-154.2542,yes,.,y,y,n,y,y,10:00
7,9,2024,561,AG-1,Agripina,no,9:48,9.5,28,.,57,6.2472,156,28.5906,57.1041,156.4765,-156.4765,yes,.,y,n,y,y,y,11:40
7,9,2024,562,AG-2,Agripina,no,10:20,7.9,7.5,.,57,6.2752,156,28.2934,57.1046,156.4716,-156.4716,yes,.,y,y,y,y,n,11:40
7,9,2024,563,AG-5,Agripina,no,10:52,9.5,22.5,.,57,6.2917,156,27.5079,57.1049,156.4585,-156.4585,yes,.,y,y,y,y,n,11:40
7,9,2024,564,AG-3,Agripina,no,11:18,9.5,25.9,.,57,6.4236,156,27.3861,57.1071,156.4564,-156.4564,yes,.,y,y,n,y,n,11:40
7,9,2024,565,AG-4,Agripina,no,12:48,9.6,28.8,.,57,6.5572,156,27.614,57.1093,156.4602,-156.4602,yes,.,y,n,y,y,n,11:40
7,9,2024,566,AG-6,Agripina,no,12:42,10.3,8.8,.,57,6.7915,156,28.7612,57.1132,156.4794,-156.4794,yes,.,y,y,n,y,y,11:40
7,10,2024,567,PW-1,Port Wrangell,no,11:15,9.1,24.1,.,57,2.9571,156,36.6969,57.0493,156.6116,-156.6116,yes,.,y,n,y,y,n,12:12
7,10,2024,568,PW-4,Port Wrangell,no,12:04,9.5,26.3,.,57,3.5275,156,37.3497,57.0588,156.6225,-156.6225,yes,.,y,y,y,y,n,12:12
7,16,2024,569,Sand-2,Sand Point,no,7:06,10.4,30.8,.,55,19.2032,160,31.4387,55.3201,160.524,-160.524,yes,.,y,y,y,y,y,5:50
7,16,2024,570,Sand-3,Sand Point,no,7:47,9.9,30.6,.,55,19.221,160,31.2188,55.3204,160.5203,-160.5203,yes,.,y,n,y,y,y,5:50
7,18,2024,571,Bar-5,Baralof,no,6:15,9.3,28.4,.,55,13.8221,160,32.9192,55.2304,160.5487,-160.5487,yes,.,y,y,n,y,n,7:31
7,18,2024,572,Bar-4,Baralof,no,7:00,8.9,26.8,.,55,13.7596,160,33.1027,55.2293,160.5517,-160.5517,yes,.,y,y,n,n,y,7:31
7,18,2024,573,Bar-3,Baralof,no,7:45,9.6,29.2,.,55,13.7583,160,33.7424,55.2293,160.5624,-160.5624,yes,.,y,y,n,y,y,7:31
7,18,2024,574,Bar-2,Baralof,no,8:36,9.3,26.3,.,55,13.7617,160,33.8786,55.2294,160.5646,-160.5646,yes,.,y,y,y,y,y,7:31
7,18,2024,575,Bar-1,Baralof,no,9:17,10.3,27.4,.,55,13.8489,160,34.0829,55.2308,160.568,-160.568,yes,.,n,y,n,n,y,7:31
7,20,2024,576,Fal-1,Falmouth,no,7:35,11.1,30.8,.,55,4.0161,160,7.495,55.0669,160.1249,-160.1249,yes,.,y,y,n,y,n,8:54
7,20,2024,577,Fal-5,Falmouth,no,8:14,11,30.7,.,55,4.1387,160,7.7689,55.069,160.1295,-160.1295,yes,.,n,y,n,y,n,8:54
7,20,2024,578,Fal-3,Falmouth,no,8:40,11.3,29.4,.,55,4.116,160,6.7702,55.0686,160.1128,-160.1128,yes,.,y,y,n,y,y,8:54
7,20,2024,579,Fal-4,Falmouth,no,9:22,11.4,29.2,.,55,4.1672,160,6.8425,55.0695,160.114,-160.114,yes,.,y,n,n,y,y,8:54
7,20,2024,580,Fal-2,Falmouth,no,9:54,11.3,30.4,.,55,3.8286,160,7.038,55.0638,160.1173,-160.1173,yes,.,n,n,n,y,n,8:54
7,20,2024,581,Fal-2,Falmouth,no,10:38,11.3,30.4,.,55,3.8363,160,6.982,55.0639,160.1164,-160.1164,no,.,n,n,n,y,n,8:54
7,21,2024,582,BB-7,Balboa,no,9:38,10.8,28.8,.,55,35.0862,160,36.893,55.5848,160.6149,-160.6149,yes,.,n,n,n,y,y,9:36
7,21,2024,583,BB-4,Balboa,no,10:45,11,28,.,55,34.6539,160,36.8332,55.5776,160.6139,-160.6139,yes,.,y,n,y,y,y,9:36
7,21,2024,584,BB-3,Balboa,no,11:14,10.9,30.6,.,55,34.6575,160,35.9236,55.5776,160.5987,-160.5987,yes,.,n,y,n,y,n,9:36
7,21,2024,585,BB-2,Balboa,no,11:34,11.2,30.6,.,55,34.6816,160,35.7593,55.578,160.596,-160.596,yes,.,n,y,n,y,y,9:36
7,23,2024,586,Fox-4,Fox,no,9:21,10.3,27,.,55,36.4892,159,37.8558,55.6082,159.6309,-159.6309,yes,.,n,y,n,y,y,10:50
7,23,2024,587,Fox-5,Fox,no,9:52,10.8,29,.,55,36.4985,159,37.9294,55.6083,159.6322,-159.6322,yes,.,y,y,n,y,y,10:50
7,23,2024,588,Fox-2,Fox,no,10:53,10.9,27.4,.,55,36.6945,159,38.4935,55.6116,159.6416,-159.6416,no,.,y,n,n,y,y,10:50
7,23,2024,589,Fox-1,Fox,no,12:10,10.9,30.5,.,55,36.9786,159,39.1856,55.6163,159.6531,-159.6531,no,.,y,n,y,n,y,10:50
7,23,2024,590,Fox-1,Fox,no,12:21,10.9,30.5,.,55,36.9677,159,39.1689,55.6161,159.6528,-159.6528,yes,.,y,n,y,n,y,10:50
7,23,2024,591,Fox-3,Fox,no,12:56,11,30,.,55,36.5842,159,38.3224,55.6097,159.6387,-159.6387,yes,.,y,n,n,n,y,10:50
7,26,2024,592,Mit-4,Mitrofania,no,11:04,12.4,30.3,.,55,58.9195,158,42.7007,55.982,158.7117,-158.7117,yes,.,n,y,n,n,y,12:52
7,26,2024,593,Mit-5,Mitrofania,no,11:41,13.1,26.2,.,55,58.8608,158,41.884,55.981,158.6981,-158.6981,yes,.,n,y,n,n,y,12:52
7,26,2024,594,Mit-6,Mitrofania,no,12:24,13.6,29.8,.,55,58.7283,158,42.2442,55.9788,158.7041,-158.7041,yes,.,n,y,n,n,y,12:52
7,26,2024,595,Mit-3,Mitrofania,no,13:04,13.4,29.9,.,55,58.7267,158,42.8077,55.9788,158.7135,-158.7135,yes,.,y,y,n,y,y,12:52
7,26,2024,596,Mit-2,Mitrofania,no,13:52,13.4,30,.,55,58.8035,158,42.7986,55.9801,158.7133,-158.7133,yes,.,n,y,n,y,y,12:52
7,26,2024,597,Mit-1,Mitrofania,no,14:21,13,29.4,.,55,58.6838,158,42.9082,55.9781,158.7151,-158.7151,yes,.,y,y,n,y,y,12:52
7,30,2024,598,Jap-1,Japanese,no,6:05,12.1,30.4,.,56,57.1886,153,41.1188,56.9531,153.6853,-153.6853,yes,.,n,y,y,n,y,4:53
7,30,2024,599,Jap-4,Japanese,no,6:52,11.7,31.2,.,56,57.5433,153,41.4072,56.9591,153.6901,-153.6901,yes,.,n,y,n,y,y,4:53
7,30,2024,600,Jap-5,Japanese,no,7:18,11.9,29.8,.,56,58.0654,153,40.9287,56.9678,153.6821,-153.6821,yes,.,y,y,y,n,y,4:53
7,31,2024,601,Jap-3,Japanese,no,6:07,8.6,31.7,.,56,57.0601,153,41.1028,56.951,153.685,-153.685,yes,.,n,y,y,n,y,6:04
7,31,2024,602,Jap-7,Japanese,no,6:42,9.5,30.8,.,56,56.7621,153,41.0346,56.946,153.6839,-153.6839,yes,.,n,y,n,y,y,6:04
7,31,2024,603,Jap-2,Japanese,no,7:14,9.3,31.6,.,56,56.887,153,40.887,56.9481,153.6815,-153.6815,yes,.,y,y,y,y,y,6:04
7,31,2024,604,Jap-6,Japanese,no,7:38,9.2,31.6,.,56,57.1596,153,40.756,56.9527,153.6793,-153.6793,yes,.,y,y,y,y,y,6:04
6,13,2025,614,Laminaria South,Cook,no,8:42,8.8,31.5,.,57,46.2030,152,16.6180,57.7701,152.2770,-152.2769667,yes,.,y,y,n,y,y,10:19
6,13,2025,615,Eelgrass South,Cook,yes,9:31,8.9,31.5,.,57,46.1230,152,16.4460,57.7687,152.2741,-152.2741,yes,.,n,y,n,n,y,10:19
6,13,2025,616,Eelgrass West,Cook,no,10:50,10.6,31.5,155.30,57,46.7650,152,15.8142,57.7794,152.2636,-152.26357,yes,.,y,y,n,n,y,10:19
6,13,2025,617,Laminaria East,Cook,no,11:54,9.1,31.7,133.00,57,46.4880,152,15.4136,57.7748,152.2569,-152.2568933,yes,.,y,n,y,y,n,10:19
6,28,2025,618,Kilu-1,Kiliuda,no,9:31,11.1,30.3,116.70,57,19.2878,152,54.1193,57.3215,152.9020,-152.9019883,yes,.,n,y,n,n,y,11:03
6,28,2025,619,Kilu-3,Kiliuda,no,10:06,11.3,30.6,111.90,57,19.5112,152,54.3398,57.3252,152.9057,-152.9056633,yes,.,y,y,y,n,y,11:03
6,28,2025,620,Kilu-4,Kiliuda,no,10:48,10.7,31.0,113.60,57,19.6533,152,53.8846,57.3276,152.8981,-152.8980767,yes,.,n,n,y,y,y,11:03
6,28,2025,621,Kilu-6,Kiliuda,no,11:17,10.0,31.4,122.70,57,19.3342,152,56.7665,57.3222,152.9461,-152.9461083,yes,.,n,y,n,y,y,11:03
6,28,2025,622,Kilu-5,Kiliuda,no,11:49,10.0,31.5,129.70,57,19.3514,152,54.6086,57.3225,152.9101,-152.9101433,yes,.,n,y,n,y,y,11:03
6,28,2025,623,Kilu-2,Kiliuda,no,12:39,11.9,30.3,125.80,57,19.3929,152,53.9696,57.3232,152.8995,-152.8994933,yes,.,y,y,y,y,y,11:03
6,30,2025,624,Kai-3,Kaiugnak,yes,10:40,13.0,29.4,117.90,57,3.2164,153,39.1560,57.0536,153.6526,-153.6526,yes,.,n,y,n,y,y,12:21
6,30,2025,625,Kai-6,Kaiugnak,yes,11:13,13.2,29.7,121.30,57,3.3499,153,39.0228,57.0558,153.6504,-153.65038,yes,.,y,y,y,y,n,12:21
6,30,2025,626,Kai-7,Kaiugnak,no,11:49,12.9,27.9,118.30,57,3.4259,153,38.0869,57.0571,153.6348,-153.6347817,yes,.,n,y,n,y,y,12:21
6,30,2025,627,Kai-4,Kaiugnak,no,12:40,13.4,28.4,120.30,57,4.2434,153,40.4828,57.0707,153.6747,-153.6747133,yes,.,y,y,n,y,y,12:21
6,30,2025,628,Kai-1,Kaiugnak,no,13:15,14.6,29.4,129.00,57,3.6394,153,42.3317,57.0607,153.7055,-153.7055283,yes,.,n,y,y,y,y,12:21
6,30,2025,629,Kai-2,Kaiugnak,no,14:05,14.6,29.3,138.10,57,3.4346,153,42.1833,57.0572,153.7031,-153.703055,yes,.,y,y,n,y,y,12:21
7,1,2025,630,Jap-5,Japanese,no,11:16,14.1,26.5,105.90,56,58.0654,153,40.9287,56.9678,153.6821,-153.682145,yes,.,n,y,y,n,y,12:59
7,1,2025,631,Jap-1,Japanese,no,11:53,12.4,30.4,119.20,56,57.1886,153,41.1188,56.9531,153.6853,-153.6853133,yes,.,n,y,y,n,y,12:59
7,1,2025,632,Jap-6,Japanese,no,12:27,12.6,29.8,117.20,56,57.1596,153,40.7560,56.9527,153.6793,-153.6792667,yes,.,y,y,y,y,y,12:59
7,1,2025,633,Jap-2,Japanese,no,13:01,12.0,30.2,114.60,56,56.8870,153,40.8870,56.9481,153.6815,-153.68145,yes,.,y,n,n,y,y,12:59
7,1,2025,634,Jap-7,Japanese,no,13:29,11.9,30.3,116.80,56,56.7621,153,41.0346,56.9460,153.6839,-153.68391,yes,.,y,y,n,n,y,12:59
7,1,2025,635,Jap-3,Japanese,no,14:02,12.9,28.7,113.80,56,57.0601,153,41.1028,56.9510,153.6850,-153.6850467,yes,.,n,y,n,n,y,12:59
7,1,2025,636,Jap-4,Japanese,no,14:34,13.2,28.6,110.80,56,57.5433,153,41.4072,56.9591,153.6901,-153.69012,yes,.,n,y,y,y,y,12:59
7,6,2025,637,Bar-4,Baralof,no,6:37,9.3,28.9,104.90,55,13.7571,160,33.1010,55.2293,160.5517,-160.5516833,yes,.,y,n,y,y,y,6:47
7,6,2025,638,Bar-5,Baralof,no,7:26,9.1,29.1,105.20,55,13.8202,160,32.9070,55.2303,160.5485,-160.54845,yes,.,y,n,y,y,y,6:47
7,6,2025,639,Bar-3,Baralof,no,7:53,9.6,30.6,110.10,55,13.7520,160,33.7354,55.2292,160.5623,-160.5622567,yes,.,y,n,n,y,y,6:47
7,6,2025,640,Bar-2,Baralof,no,8:21,9.4,30.5,99.80,55,13.7578,160,33.8781,55.2293,160.5646,-160.564635,yes,.,y,n,y,y,y,6:47
7,6,2025,641,Bar-1,Baralof,no,8:49,9.4,30.8,105.70,55,13.8527,160,34.1046,55.2309,160.5684,-160.56841,yes,sand,n,y,y,n,n,6:47
7,7,2025,642,Sand-2,Sand Point,no,8:50,9.5,30.6,100.20,55,19.2048,160,31.4583,55.3201,160.5243,-160.524305,yes,sea urchins,y,n,y,y,n,7:32
7,7,2025,643,Sand-3,Sand Point,no,9:18,10.0,30.7,111.50,55,19.2219,160,31.2113,55.3204,160.5202,-160.5201883,yes,.,y,y,y,n,n,7:32
7,8,2025,644,BB-2,Balboa,no,7:41,10.5,28.2,102.20,55,34.6938,160,35.7225,55.5782,160.5954,-160.595375,yes,.,n,y,n,y,n,8:13
7,8,2025,645,BB-3,Balboa,no,8:21,10.7,28.7,109.60,55,34.6601,160,35.8800,55.5777,160.5980,-160.598,yes,.,n,y,n,y,y,8:13
7,8,2025,646,BB-4,Balboa,no,8:57,10.5,28.4,110.10,55,34.6539,160,36.8332,55.5776,160.6139,-160.6138867,yes,.,y,n,n,y,y,8:13
7,8,2025,647,BB-7,Balboa,no,9:33,11.2,25.4,123.60,55,35.0800,160,36.8711,55.5847,160.6145,-160.6145183,yes,.,y,y,n,y,y,8:13
7,10,2025,648,Fal-5,Falmouth,no,8:58,10.5,30.0,107.60,55,4.1292,160,7.7670,55.0688,160.1295,-160.12945,yes,.,y,y,n,y,n,9:26
7,10,2025,649,Fal-1,Falmouth,no,9:22,10.5,29.1,109.00,55,4.0105,160,7.5976,55.0668,160.1266,-160.1266267,yes,.,y,y,y,y,n,9:26
7,10,2025,650,Fal-3,Falmouth,no,9:51,10.6,28.4,115.60,55,4.1126,160,6.7584,55.0685,160.1126,-160.11264,yes,.,y,y,n,y,n,9:26
7,10,2025,651,Fal-4,Falmouth,no,10:15,10.7,28.2,117.00,55,4.1713,160,6.8343,55.0695,160.1139,-160.113905,yes,.,y,y,n,y,n,9:26
7,10,2025,652,Fal-2,Falmouth,no,10:43,10.7,28.6,110.60,55,3.8207,160,7.0176,55.0637,160.1170,-160.11696,yes,sand,n,n,y,n,n,9:26
7,13,2025,653,RR-4,Rodman Reach,no,9:52,11.7,30.2,106.10,56,52.6842,154,15.5413,56.8781,154.2590,-154.2590217,yes,.,y,y,y,y,n,10:35
7,13,2025,654,RR-3,Rodman Reach,no,10:37,11.5,30.5,104.00,56,52.7119,154,14.7845,56.8785,154.2464,-154.2464083,yes,.,y,y,n,y,y,10:35
7,13,2025,655,RR-1,Rodman Reach,no,11:25,11.5,29.9,110.20,56,52.9546,154,15.2596,56.8826,154.2543,-154.2543267,yes,.,n,n,n,y,y,10:35
6,16,2026,656,Laminaria South,Cook,no,8:06,7.1,30.9,.,57,46.2030,152,16.6180,57.7701,152.2770,-152.2769667,yes,.,y,y,y,y,y,9:49
6,16,2026,657,Eelgrass South,Cook,yes,9:06,7.2,31.1,.,57,46.1230,152,16.4460,57.7687,152.2741,-152.2741,yes,.,n,n,n,y,y,9:49
6,16,2026,658,Eelgrass West,Cook,yes,10:36,7.9,31.1,.,57,46.7650,152,15.8142,57.7794,152.2636,-152.26357,yes,.,n,y,n,y,y,9:49
6,16,2026,659,Laminaria East,Cook,no,11:27,7.7,31.4,.,57,46.4880,152,15.4136,57.7748,152.2569,-152.2568933,yes,.,y,n,y,y,y,9:49
6,30,2026,660,Kilu-1,Kiliuda,no,7:23,11.6,30.5,.,57,19.2900,152,54.1060,57.3215,152.9018,-152.9017667,yes,.,n,y,n,n,y,9:19
6,30,2026,661,Kilu-2,Kiliuda,yes,8:07,11.5,30.1,.,57,19.3940,152,53.9870,57.3232,152.8998,-152.8997833,yes,.,n,y,n,n,y,9:19
6,30,2026,662,Kilu-3,Kiliuda,no,8:46,11.5,30.0,.,57,19.5070,152,54.3390,57.3251,152.9057,-152.90565,yes,.,n,y,n,n,y,9:19
6,30,2026,663,Kilu-4,Kiliuda,no,9:38,11.4,30.0,.,57,19.6560,152,53.8820,57.3276,152.8980,-152.8980333,yes,.,n,n,y,y,y,9:19
6,30,2026,664,Kilu-6,Kiliuda,no,10:25,9.9,31.3,.,57,19.3342,152,56.7665,57.3222,152.9461,-152.9461083,yes,.,n,y,y,y,y,9:19
6,30,2026,665,Kilu-5,Kiliuda,no,11:05,10.6,30.9,.,57,19.3514,152,54.6086,57.3225,152.9101,-152.9101433,yes,.,y,y,n,n,y,9:19
7,2,2026,666,Kai-3,Kaiugnak,no,8:53,8.9,29.2,.,57,3.2180,153,39.1537,57.0536,153.6526,-153.6525617,yes,.,n,y,y,y,y,10:27
7,2,2026,667,Kai-6,Kaiugnak,no,9:33,8.9,29.8,.,57,3.3372,153,39.0344,57.0556,153.6506,-153.6505733,yes,.,n,y,y,y,y,10:27
7,2,2026,668,Kai-7,Kaiugnak,yes,10:31,8.6,30.5,.,57,3.4273,153,38.0857,57.0571,153.6348,-153.6347617,yes,.,n,y,n,n,y,10:27
7,2,2026,669,Kai-4,Kaiugnak,yes,11:23,9.0,31.1,.,57,4.2450,153,40.4820,57.0708,153.6747,-153.6747,yes,.,y,y,n,y,n,10:27
7,2,2026,670,Kai-1,Kaiugnak,no,12:19,9.8,29.1,.,57,3.6382,153,42.3379,57.0606,153.7056,-153.7056317,yes,.,n,y,n,y,y,10:27
7,2,2026,671,Kai-2,Kaiugnak,no,12:39,9.6,29.7,.,57,3.4344,153,42.2012,57.0572,153.7034,-153.7033533,yes,.,y,n,y,n,y,10:27
7,4,2026,672,Jap-7,Japanese,yes,9:28,8.6,31.1,.,56,56.7643,153,41.1319,56.9461,153.6855,-153.6855317,yes,.,n,y,y,y,y,11:18
7,4,2026,673,Jap-2,Japanese,yes,10:11,9.9,30.4,.,56,56.8887,153,40.9350,56.9481,153.6823,-153.68225,yes,.,y,n,y,y,n,11:18
7,4,2026,674,Jap-3,Japanese,yes,10:44,9.9,28.8,.,56,57.0591,153,41.1130,56.9510,153.6852,-153.6852167,yes,.,y,y,y,n,y,11:18
7,4,2026,675,Jap-6,Japanese,yes,11:22,10.1,30.3,.,56,57.1660,153,40.7500,56.9528,153.6792,-153.6791667,yes,.,y,y,y,y,n,11:18
7,4,2026,676,Jap-1,Japanese,yes,12:15,9.1,31.4,.,56,57.1900,153,41.1060,56.9532,153.6851,-153.6851,yes,.,n,y,n,y,y,11:18
7,4,2026,677,Jap-5,Japanese,yes,13:03,11.4,28.1,.,56,58.0607,153,40.9290,56.9677,153.6822,-153.68215,yes,so much ulva and pteropods,n,y,y,n,y,11:18
7,9,2026,678,BB-3,Balboa,yes,5:35,9.5,30.7,.,55,34.6601,160,35.8800,55.5777,160.5980,-160.598,yes,.,y,n,n,n,y,4:49
7,9,2026,679,BB-2,Balboa,yes,6:02,9.2,30.2,.,55,34.6875,160,35.7380,55.5781,160.5956,-160.5956333,yes,.,n,y,n,y,y,4:49
7,9,2026,680,BB-4,Balboa,no,6:43,9.8,31.1,.,55,34.6554,160,36.8981,55.5776,160.6150,-160.6149683,yes,.,y,n,y,n,y,4:49
7,9,2026,681,BB-7,Balboa,no,7:06,9.4,28.8,.,55,35.0818,160,36.8368,55.5847,160.6139,-160.6139467,yes,.,y,y,y,y,y,4:49
7,11,2026,682,Fal-5,Falmouth,no,6:28,10.6,31.1,.,55,4.1350,160,7.7737,55.0689,160.1296,-160.1295617,yes,.,y,n,n,y,n,6:48
7,11,2026,683,Fal-1,Falmouth,no,6:58,10.6,31.1,.,55,4.0128,160,7.6036,55.0669,160.1267,-160.1267267,yes,.,y,n,n,y,n,6:48
7,11,2026,684,Fal-4,Falmouth,yes,7:32,10.7,30.3,.,55,4.1759,160,6.8456,55.0696,160.1141,-160.1140933,yes,.,y,y,y,y,n,6:48
7,11,2026,685,Fal-3,Falmouth,yes,8:05,10.9,29.5,.,55,4.1254,160,6.7753,55.0688,160.1129,-160.1129217,yes,.,y,y,y,y,y,6:48
7,11,2026,686,Fal-2,Falmouth,no,8:37,10.9,29.4,.,55,3.8238,160,7.0187,55.0637,160.1170,-160.1169783,yes,sand,n,n,n,n,n,6:48
7,12,2026,687,Bar-5,Baralof,no,7:04,8.8,30.7,.,55,13.8230,160,32.9250,55.2304,160.5488,-160.54875,yes,.,y,n,y,y,y,7:47
7,12,2026,688,Bar-4,Baralof,no,7:37,8.8,30.6,.,55,13.7560,160,33.1180,55.2293,160.5520,-160.5519667,yes,.,n,n,y,y,y,7:47
7,12,2026,689,Bar-3,Baralof,no,8:17,8.8,31.1,.,55,13.7630,160,33.7480,55.2294,160.5625,-160.5624667,yes,.,y,n,y,y,y,7:47
7,12,2026,690,Bar-2,Baralof,no,9:04,9.0,29.6,.,55,13.7630,160,33.8770,55.2294,160.5646,-160.5646167,yes,.,y,n,y,y,y,7:47
7,12,2026,691,Bar-1,Baralof,no,9:43,9.1,30.9,.,55,13.8570,160,34.0710,55.2310,160.5679,-160.56785,yes,sand,n,n,n,y,n,7:47
7,13,2026,692,Sand-2,Sand Point,no,9:00,8.7,31.4,.,55,19.2150,160,31.4570,55.3203,160.5243,-160.5242833,no,ripped net on machine parts,y,n,y,y,n,8:37
7,13,2026,693,Sand-3,Sand Point,no,9:49,9.4,30.9,.,55,19.2281,160,31.2200,55.3205,160.5203,-160.5203333,no,past the low tide. Can't access EG habitat,n,y,n,n,n,8:37
7,14,2026,694,Sand-3,Sand Point,no,9:33,7.8,31.3,.,55,19.2281,160,31.2200,55.3205,160.5203,-160.5203333,yes,.,y,n,n,n,y,9:24
7,14,2026,695,Sand-2,Sand Point,no,10:14,8.7,31.4,.,55,19.2150,160,31.4570,55.3203,160.5243,-160.5242833,yes,sea urchins,y,n,n,y,y,9:24
7,16,2026,696,Fox-4,Fox,yes,9:12,9.6,30.6,.,55,36.4930,159,37.8510,55.6082,159.6309,-159.63085,yes,shallow. Had to row,n,y,n,y,y,10:50
7,16,2026,697,Fox-5,Fox,yes,9:58,9.1,31.3,.,55,36.5012,159,37.9212,55.6084,159.6320,-159.63202,yes,shallow. Had to row,n,y,n,y,y,10:50
7,16,2026,698,Fox-3,Fox,yes,10:52,8.6,31.2,.,55,36.5703,159,38.2671,55.6095,159.6378,-159.637785,yes,.,y,n,n,y,n,10:50
7,16,2026,699,Fox-1,Fox,yes,11:27,9.7,31.2,.,55,36.9937,159,39.1881,55.6166,159.6531,-159.653135,yes,.,y,n,n,y,y,10:50
7,16,2026,700,Fox-2,Fox,no,12:07,9.6,31.1,.,55,36.7129,159,38.5164,55.6119,159.6419,-159.64194,yes,.,y,n,y,y,n,10:50
7,18,2026,701,Mit-5,Mitrofania,yes,10:39,9.4,29.4,.,55,58.8708,158,41.8609,55.9812,158.6977,-158.6976817,yes,shallow. Had to row,n,y,y,y,y,12:14
7,18,2026,702,Mit-3,Mitrofania,yes,12:03,9.5,30.6,.,55,58.7220,158,42.6386,55.9787,158.7106,-158.7106433,yes,.,n,y,n,y,y,12:14
7,18,2026,703,Mit-2,Mitrofania,no,12:30,9.4,30.3,.,55,58.8037,158,42.7812,55.9801,158.7130,-158.71302,yes,.,n,y,n,y,y,12:14
7,18,2026,704,Mit-1,Mitrofania,no,12:58,9.1,31.3,.,55,58.6830,158,42.9113,55.9781,158.7152,-158.7151883,yes,.,y,n,n,y,y,12:14
7,18,2026,705,Mit-6,Mitrofania,yes,13:32,9.7,31.3,.,55,58.7261,158,42.2409,55.9788,158.7040,-158.704015,yes,.,y,y,y,y,y,12:14
7,21,2026,706,PW-2,Port Wrangell,no,12:18,9.0,22.8,.,57,2.8969,156,36.7053,57.0483,156.6118,-156.611755,yes,big swell,y,n,n,y,n,14:00
7,21,2026,707,PW-3,Port Wrangell,no,13:01,8.3,29.8,.,57,2.7765,156,36.8027,57.0463,156.6134,-156.6133783,yes,big swell,y,n,n,y,n,14:00
7,21,2026,708,PW-1,Port Wrangell,yes,13:33,9.1,25.6,.,57,2.9535,156,36.6980,57.0492,156.6116,-156.6116333,yes,.,y,n,y,y,y,14:00
7,21,2026,709,PW-4,Port Wrangell,no,14:21,10.1,18.0,.,57,3.5328,156,37.3630,57.0589,156.6227,-156.6227167,yes,.,y,n,y,y,y,14:00
7,22,2026,710,AG-1,Agripina,no,13:09,9.1,30.7,.,57,6.2491,156,28.6060,57.1042,156.4768,-156.4767667,yes,.,y,y,y,y,y,14:46
7,22,2026,711,AG-2,Agripina,yes,13:34,8.9,29.1,.,57,6.2719,156,28.2986,57.1045,156.4716,-156.4716433,yes,.,y,y,n,y,y,14:46
7,22,2026,712,AG-5,Agripina,yes,14:03,8.8,30.7,.,57,6.2864,156,27.5013,57.1048,156.4584,-156.458355,yes,.,y,n,n,y,y,14:46
7,22,2026,713,AG-3,Agripina,yes,14:39,8.8,30.2,.,57,6.4160,156,27.3770,57.1069,156.4563,-156.4562833,yes,.,y,y,n,y,y,14:46
7,22,2026,714,AG-4,Agripina,no,15:09,9.0,24.1,.,57,6.5593,156,27.6208,57.1093,156.4603,-156.4603467,yes,.,y,y,n,y,y,14:46
7,22,2026,715,AG-6,Agripina,no,15:41,8.6,10.1,.,57,6.8038,156,28.8003,57.1134,156.4800,-156.480005,yes,.,n,y,n,y,y,14:46
7,13,2021,302x,BB-6,Balboa,no,11:52,.,.,.,.,.,.,.,.,.,.,no,no good; tide too low. Site is earth,y,n,y,y,y,11:44
